period,mmm_b2c_acq_dma,unique_pageviews,users
2020-09-13,"NEW YORK, NY",17724.0,16060.0
2020-09-20,"NEW YORK, NY",31652.0,28572.0
2020-09-27,"NEW YORK, NY",31164.0,28002.0
2020-10-04,ABILENE-SWEETWATER TX,292.0,265.0
2020-10-04,ALEXANDRIA LA,206.0,195.0
2020-10-04,AMARILLO TX,415.0,377.0
2020-10-04,AUSTIN TX,692.0,602.0
2020-10-04,All Other Suddenlink DMA Total,1208.0,1097.0
2020-10-04,BLUEFIELD-BECKLEY-OAK HILL WV,384.0,342.0
2020-10-04,CHARLESTON-HUNTINGTON WV,689.0,633.0
2020-10-04,DALLAS-FT WORTH TX,1176.0,1073.0
2020-10-04,EUREKA CA,179.0,171.0
2020-10-04,GREENVILLE-NEW BERN-WASH NC,661.0,610.0
2020-10-04,HOUSTON TX,918.0,829.0
2020-10-04,JONESBORO AR,200.0,181.0
2020-10-04,LAKE CHARLES LA,88.0,85.0
2020-10-04,LITTLE ROCK AR,651.0,594.0
2020-10-04,LUBBOCK TX,450.0,411.0
2020-10-04,MONROE-EL DORADO LA-AR,198.0,184.0
2020-10-04,"NEW YORK, NY",28411.0,25732.0
2020-10-04,ODESSA-MIDLAND TX,312.0,285.0
2020-10-04,OKLAHOMA CITY OK,362.0,329.0
2020-10-04,PARKERSBURG WV,216.0,195.0
2020-10-04,PHOENIX AZ,682.0,625.0
2020-10-04,RALEIGH-DURHAM NC,219.0,199.0
2020-10-04,SAN ANGELO TX,202.0,181.0
2020-10-04,SHREVEPORT LA,377.0,339.0
2020-10-04,SPRINGFIELD MO,431.0,390.0
2020-10-04,ST JOSEPH MO,108.0,102.0
2020-10-04,TULSA OK,146.0,134.0
2020-10-04,TYLER-LONGVIEW TX,893.0,798.0
2020-10-04,VICTORIA TX,121.0,107.0
2020-10-04,WACO-TEMPLE-BRYAN TX,379.0,351.0
2020-10-11,ABILENE-SWEETWATER TX,544.0,497.0
2020-10-11,ALEXANDRIA LA,617.0,554.0
2020-10-11,AMARILLO TX,781.0,693.0
2020-10-11,AUSTIN TX,1373.0,1209.0
2020-10-11,All Other Suddenlink DMA Total,2638.0,2390.0
2020-10-11,BLUEFIELD-BECKLEY-OAK HILL WV,751.0,674.0
2020-10-11,CHARLESTON-HUNTINGTON WV,1441.0,1302.0
2020-10-11,DALLAS-FT WORTH TX,2454.0,2214.0
2020-10-11,EUREKA CA,394.0,347.0
2020-10-11,GREENVILLE-NEW BERN-WASH NC,1224.0,1137.0
2020-10-11,HOUSTON TX,1868.0,1685.0
2020-10-11,JONESBORO AR,318.0,288.0
2020-10-11,LAKE CHARLES LA,666.0,619.0
2020-10-11,LITTLE ROCK AR,1245.0,1132.0
2020-10-11,LUBBOCK TX,816.0,739.0
2020-10-11,MONROE-EL DORADO LA-AR,309.0,269.0
2020-10-11,"NEW YORK, NY",29224.0,26550.0
2020-10-11,ODESSA-MIDLAND TX,532.0,486.0
2020-10-11,OKLAHOMA CITY OK,674.0,623.0
2020-10-11,PARKERSBURG WV,509.0,455.0
2020-10-11,PHOENIX AZ,1485.0,1308.0
2020-10-11,RALEIGH-DURHAM NC,421.0,387.0
2020-10-11,SAN ANGELO TX,362.0,331.0
2020-10-11,SHREVEPORT LA,747.0,684.0
2020-10-11,SPRINGFIELD MO,970.0,864.0
2020-10-11,ST JOSEPH MO,243.0,219.0
2020-10-11,TULSA OK,280.0,251.0
2020-10-11,TYLER-LONGVIEW TX,1778.0,1605.0
2020-10-11,VICTORIA TX,243.0,218.0
2020-10-11,WACO-TEMPLE-BRYAN TX,801.0,727.0
2020-10-18,ABILENE-SWEETWATER TX,593.0,532.0
2020-10-18,ALEXANDRIA LA,535.0,481.0
2020-10-18,AMARILLO TX,685.0,609.0
2020-10-18,AUSTIN TX,1307.0,1178.0
2020-10-18,All Other Suddenlink DMA Total,2728.0,2437.0
2020-10-18,BLUEFIELD-BECKLEY-OAK HILL WV,689.0,625.0
2020-10-18,CHARLESTON-HUNTINGTON WV,1417.0,1299.0
2020-10-18,DALLAS-FT WORTH TX,2448.0,2187.0
2020-10-18,EUREKA CA,347.0,314.0
2020-10-18,GREENVILLE-NEW BERN-WASH NC,1334.0,1199.0
2020-10-18,HOUSTON TX,1936.0,1750.0
2020-10-18,JONESBORO AR,314.0,295.0
2020-10-18,LAKE CHARLES LA,770.0,694.0
2020-10-18,LITTLE ROCK AR,1228.0,1096.0
2020-10-18,LUBBOCK TX,906.0,823.0
2020-10-18,MONROE-EL DORADO LA-AR,354.0,314.0
2020-10-18,"NEW YORK, NY",27727.0,25067.0
2020-10-18,ODESSA-MIDLAND TX,586.0,519.0
2020-10-18,OKLAHOMA CITY OK,728.0,656.0
2020-10-18,PARKERSBURG WV,498.0,447.0
2020-10-18,PHOENIX AZ,1533.0,1339.0
2020-10-18,RALEIGH-DURHAM NC,420.0,382.0
2020-10-18,SAN ANGELO TX,371.0,347.0
2020-10-18,SHREVEPORT LA,786.0,696.0
2020-10-18,SPRINGFIELD MO,895.0,803.0
2020-10-18,ST JOSEPH MO,262.0,233.0
2020-10-18,TULSA OK,313.0,277.0
2020-10-18,TYLER-LONGVIEW TX,1798.0,1620.0
2020-10-18,VICTORIA TX,257.0,224.0
2020-10-18,WACO-TEMPLE-BRYAN TX,783.0,714.0
2020-10-25,ABILENE-SWEETWATER TX,567.0,516.0
2020-10-25,ALEXANDRIA LA,685.0,615.0
2020-10-25,AMARILLO TX,778.0,702.0
2020-10-25,AUSTIN TX,1397.0,1257.0
2020-10-25,All Other Suddenlink DMA Total,2934.0,2628.0
2020-10-25,BLUEFIELD-BECKLEY-OAK HILL WV,770.0,699.0
2020-10-25,CHARLESTON-HUNTINGTON WV,1448.0,1323.0
2020-10-25,DALLAS-FT WORTH TX,2637.0,2347.0
2020-10-25,EUREKA CA,358.0,326.0
2020-10-25,GREENVILLE-NEW BERN-WASH NC,1357.0,1234.0
2020-10-25,HOUSTON TX,1994.0,1783.0
2020-10-25,JONESBORO AR,350.0,324.0
2020-10-25,LAKE CHARLES LA,748.0,681.0
2020-10-25,LITTLE ROCK AR,1359.0,1225.0
2020-10-25,LUBBOCK TX,918.0,819.0
2020-10-25,MONROE-EL DORADO LA-AR,358.0,316.0
2020-10-25,"NEW YORK, NY",28832.0,26155.0
2020-10-25,ODESSA-MIDLAND TX,558.0,502.0
2020-10-25,OKLAHOMA CITY OK,718.0,647.0
2020-10-25,PARKERSBURG WV,539.0,488.0
2020-10-25,PHOENIX AZ,1399.0,1257.0
2020-10-25,RALEIGH-DURHAM NC,429.0,388.0
2020-10-25,SAN ANGELO TX,427.0,379.0
2020-10-25,SHREVEPORT LA,813.0,742.0
2020-10-25,SPRINGFIELD MO,1063.0,935.0
2020-10-25,ST JOSEPH MO,264.0,242.0
2020-10-25,TULSA OK,239.0,219.0
2020-10-25,TYLER-LONGVIEW TX,1803.0,1616.0
2020-10-25,VICTORIA TX,275.0,238.0
2020-10-25,WACO-TEMPLE-BRYAN TX,696.0,633.0
2020-11-01,ABILENE-SWEETWATER TX,535.0,489.0
2020-11-01,ALEXANDRIA LA,567.0,511.0
2020-11-01,AMARILLO TX,750.0,693.0
2020-11-01,AUSTIN TX,1381.0,1224.0
2020-11-01,All Other Suddenlink DMA Total,3007.0,2648.0
2020-11-01,BLUEFIELD-BECKLEY-OAK HILL WV,808.0,740.0
2020-11-01,CHARLESTON-HUNTINGTON WV,1415.0,1280.0
2020-11-01,DALLAS-FT WORTH TX,2382.0,2151.0
2020-11-01,EUREKA CA,391.0,347.0
2020-11-01,GREENVILLE-NEW BERN-WASH NC,1475.0,1333.0
2020-11-01,HOUSTON TX,2050.0,1817.0
2020-11-01,JONESBORO AR,336.0,310.0
2020-11-01,LAKE CHARLES LA,675.0,600.0
2020-11-01,LITTLE ROCK AR,1232.0,1100.0
2020-11-01,LUBBOCK TX,904.0,817.0
2020-11-01,MONROE-EL DORADO LA-AR,308.0,281.0
2020-11-01,"NEW YORK, NY",28245.0,25510.0
2020-11-01,ODESSA-MIDLAND TX,567.0,520.0
2020-11-01,OKLAHOMA CITY OK,726.0,645.0
2020-11-01,PARKERSBURG WV,505.0,463.0
2020-11-01,PHOENIX AZ,1502.0,1325.0
2020-11-01,RALEIGH-DURHAM NC,448.0,400.0
2020-11-01,SAN ANGELO TX,392.0,367.0
2020-11-01,SHREVEPORT LA,811.0,732.0
2020-11-01,SPRINGFIELD MO,878.0,794.0
2020-11-01,ST JOSEPH MO,282.0,255.0
2020-11-01,TULSA OK,263.0,237.0
2020-11-01,TYLER-LONGVIEW TX,1732.0,1563.0
2020-11-01,VICTORIA TX,279.0,254.0
2020-11-01,WACO-TEMPLE-BRYAN TX,738.0,670.0
2020-11-08,ABILENE-SWEETWATER TX,666.0,580.0
2020-11-08,ALEXANDRIA LA,667.0,588.0
2020-11-08,AMARILLO TX,845.0,770.0
2020-11-08,AUSTIN TX,1452.0,1291.0
2020-11-08,All Other Suddenlink DMA Total,3097.0,2750.0
2020-11-08,BLUEFIELD-BECKLEY-OAK HILL WV,783.0,706.0
2020-11-08,CHARLESTON-HUNTINGTON WV,1458.0,1310.0
2020-11-08,DALLAS-FT WORTH TX,2837.0,2513.0
2020-11-08,EUREKA CA,380.0,332.0
2020-11-08,GREENVILLE-NEW BERN-WASH NC,1532.0,1364.0
2020-11-08,HOUSTON TX,2308.0,2079.0
2020-11-08,JONESBORO AR,362.0,329.0
2020-11-08,LAKE CHARLES LA,691.0,621.0
2020-11-08,LITTLE ROCK AR,1404.0,1270.0
2020-11-08,LUBBOCK TX,976.0,873.0
2020-11-08,MONROE-EL DORADO LA-AR,410.0,363.0
2020-11-08,"NEW YORK, NY",31362.0,28302.0
2020-11-08,ODESSA-MIDLAND TX,608.0,540.0
2020-11-08,OKLAHOMA CITY OK,823.0,725.0
2020-11-08,PARKERSBURG WV,522.0,459.0
2020-11-08,PHOENIX AZ,1577.0,1406.0
2020-11-08,RALEIGH-DURHAM NC,499.0,457.0
2020-11-08,SAN ANGELO TX,435.0,392.0
2020-11-08,SHREVEPORT LA,853.0,775.0
2020-11-08,SPRINGFIELD MO,1043.0,932.0
2020-11-08,ST JOSEPH MO,303.0,278.0
2020-11-08,TULSA OK,320.0,277.0
2020-11-08,TYLER-LONGVIEW TX,1857.0,1671.0
2020-11-08,VICTORIA TX,272.0,241.0
2020-11-08,WACO-TEMPLE-BRYAN TX,792.0,718.0
2020-11-15,ABILENE-SWEETWATER TX,675.0,598.0
2020-11-15,ALEXANDRIA LA,657.0,591.0
2020-11-15,AMARILLO TX,952.0,862.0
2020-11-15,AUSTIN TX,1541.0,1361.0
2020-11-15,All Other Suddenlink DMA Total,3183.0,2831.0
2020-11-15,BLUEFIELD-BECKLEY-OAK HILL WV,885.0,794.0
2020-11-15,CHARLESTON-HUNTINGTON WV,1668.0,1503.0
2020-11-15,DALLAS-FT WORTH TX,2825.0,2513.0
2020-11-15,EUREKA CA,463.0,409.0
2020-11-15,GREENVILLE-NEW BERN-WASH NC,1548.0,1378.0
2020-11-15,HOUSTON TX,2359.0,2096.0
2020-11-15,JONESBORO AR,393.0,359.0
2020-11-15,LAKE CHARLES LA,738.0,666.0
2020-11-15,LITTLE ROCK AR,1498.0,1324.0
2020-11-15,LUBBOCK TX,970.0,890.0
2020-11-15,MONROE-EL DORADO LA-AR,387.0,347.0
2020-11-15,"NEW YORK, NY",35071.0,31213.0
2020-11-15,ODESSA-MIDLAND TX,689.0,619.0
2020-11-15,OKLAHOMA CITY OK,951.0,849.0
2020-11-15,PARKERSBURG WV,605.0,542.0
2020-11-15,PHOENIX AZ,1704.0,1512.0
2020-11-15,RALEIGH-DURHAM NC,516.0,466.0
2020-11-15,SAN ANGELO TX,423.0,381.0
2020-11-15,SHREVEPORT LA,887.0,790.0
2020-11-15,SPRINGFIELD MO,1137.0,990.0
2020-11-15,ST JOSEPH MO,263.0,241.0
2020-11-15,TULSA OK,358.0,314.0
2020-11-15,TYLER-LONGVIEW TX,1923.0,1729.0
2020-11-15,VICTORIA TX,272.0,233.0
2020-11-15,WACO-TEMPLE-BRYAN TX,869.0,788.0
2020-11-22,ABILENE-SWEETWATER TX,614.0,563.0
2020-11-22,ALEXANDRIA LA,621.0,561.0
2020-11-22,AMARILLO TX,853.0,767.0
2020-11-22,AUSTIN TX,1397.0,1236.0
2020-11-22,All Other Suddenlink DMA Total,2892.0,2575.0
2020-11-22,BLUEFIELD-BECKLEY-OAK HILL WV,790.0,709.0
2020-11-22,CHARLESTON-HUNTINGTON WV,1452.0,1322.0
2020-11-22,DALLAS-FT WORTH TX,2565.0,2267.0
2020-11-22,EUREKA CA,401.0,354.0
2020-11-22,GREENVILLE-NEW BERN-WASH NC,1307.0,1185.0
2020-11-22,HOUSTON TX,2149.0,1905.0
2020-11-22,JONESBORO AR,376.0,348.0
2020-11-22,LAKE CHARLES LA,621.0,553.0
2020-11-22,LITTLE ROCK AR,1309.0,1171.0
2020-11-22,LUBBOCK TX,946.0,874.0
2020-11-22,MONROE-EL DORADO LA-AR,367.0,334.0
2020-11-22,"NEW YORK, NY",34004.0,30149.0
2020-11-22,ODESSA-MIDLAND TX,619.0,562.0
2020-11-22,OKLAHOMA CITY OK,795.0,703.0
2020-11-22,PARKERSBURG WV,529.0,467.0
2020-11-22,PHOENIX AZ,1444.0,1296.0
2020-11-22,RALEIGH-DURHAM NC,455.0,415.0
2020-11-22,SAN ANGELO TX,446.0,397.0
2020-11-22,SHREVEPORT LA,774.0,700.0
2020-11-22,SPRINGFIELD MO,1058.0,930.0
2020-11-22,ST JOSEPH MO,283.0,250.0
2020-11-22,TULSA OK,272.0,247.0
2020-11-22,TYLER-LONGVIEW TX,1932.0,1726.0
2020-11-22,VICTORIA TX,280.0,253.0
2020-11-22,WACO-TEMPLE-BRYAN TX,797.0,711.0
2020-11-29,ABILENE-SWEETWATER TX,797.0,722.0
2020-11-29,ALEXANDRIA LA,717.0,645.0
2020-11-29,AMARILLO TX,1019.0,927.0
2020-11-29,AUSTIN TX,1797.0,1618.0
2020-11-29,All Other Suddenlink DMA Total,3725.0,3278.0
2020-11-29,BLUEFIELD-BECKLEY-OAK HILL WV,1012.0,920.0
2020-11-29,CHARLESTON-HUNTINGTON WV,1847.0,1659.0
2020-11-29,DALLAS-FT WORTH TX,3210.0,2828.0
2020-11-29,EUREKA CA,509.0,451.0
2020-11-29,GREENVILLE-NEW BERN-WASH NC,1726.0,1557.0
2020-11-29,HOUSTON TX,2476.0,2218.0
2020-11-29,JONESBORO AR,432.0,397.0
2020-11-29,LAKE CHARLES LA,720.0,634.0
2020-11-29,LITTLE ROCK AR,1880.0,1674.0
2020-11-29,LUBBOCK TX,1210.0,1088.0
2020-11-29,MONROE-EL DORADO LA-AR,437.0,379.0
2020-11-29,"NEW YORK, NY",38320.0,33976.0
2020-11-29,ODESSA-MIDLAND TX,837.0,745.0
2020-11-29,OKLAHOMA CITY OK,948.0,862.0
2020-11-29,PARKERSBURG WV,563.0,514.0
2020-11-29,PHOENIX AZ,1881.0,1624.0
2020-11-29,RALEIGH-DURHAM NC,539.0,486.0
2020-11-29,SAN ANGELO TX,545.0,486.0
2020-11-29,SHREVEPORT LA,957.0,846.0
2020-11-29,SPRINGFIELD MO,1243.0,1121.0
2020-11-29,ST JOSEPH MO,349.0,306.0
2020-11-29,TULSA OK,369.0,328.0
2020-11-29,TYLER-LONGVIEW TX,2311.0,2073.0
2020-11-29,VICTORIA TX,290.0,265.0
2020-11-29,WACO-TEMPLE-BRYAN TX,950.0,843.0
2020-12-06,ABILENE-SWEETWATER TX,756.0,659.0
2020-12-06,ALEXANDRIA LA,635.0,570.0
2020-12-06,AMARILLO TX,922.0,842.0
2020-12-06,AUSTIN TX,1643.0,1454.0
2020-12-06,All Other Suddenlink DMA Total,3226.0,2828.0
2020-12-06,BLUEFIELD-BECKLEY-OAK HILL WV,997.0,887.0
2020-12-06,CHARLESTON-HUNTINGTON WV,1783.0,1610.0
2020-12-06,DALLAS-FT WORTH TX,2992.0,2664.0
2020-12-06,EUREKA CA,473.0,405.0
2020-12-06,GREENVILLE-NEW BERN-WASH NC,1520.0,1365.0
2020-12-06,HOUSTON TX,2321.0,2058.0
2020-12-06,JONESBORO AR,442.0,397.0
2020-12-06,LAKE CHARLES LA,635.0,549.0
2020-12-06,LITTLE ROCK AR,1710.0,1515.0
2020-12-06,LUBBOCK TX,1039.0,934.0
2020-12-06,MONROE-EL DORADO LA-AR,402.0,359.0
2020-12-06,"NEW YORK, NY",33050.0,29457.0
2020-12-06,ODESSA-MIDLAND TX,710.0,642.0
2020-12-06,OKLAHOMA CITY OK,876.0,788.0
2020-12-06,PARKERSBURG WV,628.0,568.0
2020-12-06,PHOENIX AZ,1703.0,1501.0
2020-12-06,RALEIGH-DURHAM NC,534.0,488.0
2020-12-06,SAN ANGELO TX,513.0,463.0
2020-12-06,SHREVEPORT LA,887.0,791.0
2020-12-06,SPRINGFIELD MO,1157.0,1022.0
2020-12-06,ST JOSEPH MO,346.0,301.0
2020-12-06,TULSA OK,335.0,293.0
2020-12-06,TYLER-LONGVIEW TX,2227.0,1995.0
2020-12-06,VICTORIA TX,262.0,241.0
2020-12-06,WACO-TEMPLE-BRYAN TX,989.0,855.0
2020-12-13,ABILENE-SWEETWATER TX,732.0,646.0
2020-12-13,ALEXANDRIA LA,602.0,540.0
2020-12-13,AMARILLO TX,919.0,819.0
2020-12-13,AUSTIN TX,1550.0,1395.0
2020-12-13,All Other Suddenlink DMA Total,3148.0,2793.0
2020-12-13,BLUEFIELD-BECKLEY-OAK HILL WV,856.0,773.0
2020-12-13,CHARLESTON-HUNTINGTON WV,1757.0,1574.0
2020-12-13,DALLAS-FT WORTH TX,2945.0,2607.0
2020-12-13,EUREKA CA,400.0,366.0
2020-12-13,GREENVILLE-NEW BERN-WASH NC,1324.0,1199.0
2020-12-13,HOUSTON TX,2299.0,2061.0
2020-12-13,JONESBORO AR,375.0,348.0
2020-12-13,LAKE CHARLES LA,586.0,523.0
2020-12-13,LITTLE ROCK AR,1481.0,1308.0
2020-12-13,LUBBOCK TX,963.0,864.0
2020-12-13,MONROE-EL DORADO LA-AR,414.0,367.0
2020-12-13,"NEW YORK, NY",30268.0,27024.0
2020-12-13,ODESSA-MIDLAND TX,628.0,560.0
2020-12-13,OKLAHOMA CITY OK,795.0,718.0
2020-12-13,PARKERSBURG WV,539.0,492.0
2020-12-13,PHOENIX AZ,1583.0,1398.0
2020-12-13,RALEIGH-DURHAM NC,460.0,421.0
2020-12-13,SAN ANGELO TX,472.0,415.0
2020-12-13,SHREVEPORT LA,897.0,788.0
2020-12-13,SPRINGFIELD MO,1101.0,975.0
2020-12-13,ST JOSEPH MO,340.0,301.0
2020-12-13,TULSA OK,322.0,286.0
2020-12-13,TYLER-LONGVIEW TX,2181.0,1955.0
2020-12-13,VICTORIA TX,263.0,242.0
2020-12-13,WACO-TEMPLE-BRYAN TX,867.0,783.0
2020-12-20,ABILENE-SWEETWATER TX,576.0,506.0
2020-12-20,ALEXANDRIA LA,466.0,434.0
2020-12-20,AMARILLO TX,679.0,619.0
2020-12-20,AUSTIN TX,1213.0,1082.0
2020-12-20,All Other Suddenlink DMA Total,2538.0,2270.0
2020-12-20,BLUEFIELD-BECKLEY-OAK HILL WV,656.0,570.0
2020-12-20,CHARLESTON-HUNTINGTON WV,1285.0,1170.0
2020-12-20,DALLAS-FT WORTH TX,2419.0,2149.0
2020-12-20,EUREKA CA,319.0,285.0
2020-12-20,GREENVILLE-NEW BERN-WASH NC,1152.0,1045.0
2020-12-20,HOUSTON TX,1741.0,1556.0
2020-12-20,JONESBORO AR,329.0,299.0
2020-12-20,LAKE CHARLES LA,443.0,405.0
2020-12-20,LITTLE ROCK AR,1232.0,1108.0
2020-12-20,LUBBOCK TX,830.0,745.0
2020-12-20,MONROE-EL DORADO LA-AR,288.0,260.0
2020-12-20,"NEW YORK, NY",26239.0,23402.0
2020-12-20,ODESSA-MIDLAND TX,481.0,425.0
2020-12-20,OKLAHOMA CITY OK,677.0,597.0
2020-12-20,PARKERSBURG WV,462.0,420.0
2020-12-20,PHOENIX AZ,1321.0,1190.0
2020-12-20,RALEIGH-DURHAM NC,400.0,358.0
2020-12-20,SAN ANGELO TX,350.0,317.0
2020-12-20,SHREVEPORT LA,636.0,573.0
2020-12-20,SPRINGFIELD MO,877.0,772.0
2020-12-20,ST JOSEPH MO,227.0,200.0
2020-12-20,TULSA OK,281.0,254.0
2020-12-20,TYLER-LONGVIEW TX,1649.0,1495.0
2020-12-20,VICTORIA TX,212.0,195.0
2020-12-20,WACO-TEMPLE-BRYAN TX,748.0,664.0
2020-12-27,ABILENE-SWEETWATER TX,690.0,620.0
2020-12-27,ALEXANDRIA LA,713.0,637.0
2020-12-27,AMARILLO TX,936.0,844.0
2020-12-27,AUSTIN TX,1747.0,1533.0
2020-12-27,All Other Suddenlink DMA Total,3531.0,3105.0
2020-12-27,BLUEFIELD-BECKLEY-OAK HILL WV,964.0,876.0
2020-12-27,CHARLESTON-HUNTINGTON WV,1929.0,1721.0
2020-12-27,DALLAS-FT WORTH TX,3155.0,2785.0
2020-12-27,EUREKA CA,472.0,408.0
2020-12-27,GREENVILLE-NEW BERN-WASH NC,1633.0,1457.0
2020-12-27,HOUSTON TX,2321.0,2072.0
2020-12-27,JONESBORO AR,479.0,440.0
2020-12-27,LAKE CHARLES LA,624.0,578.0
2020-12-27,LITTLE ROCK AR,1665.0,1487.0
2020-12-27,LUBBOCK TX,1094.0,979.0
2020-12-27,MONROE-EL DORADO LA-AR,409.0,370.0
2020-12-27,"NEW YORK, NY",34202.0,30188.0
2020-12-27,ODESSA-MIDLAND TX,633.0,574.0
2020-12-27,OKLAHOMA CITY OK,974.0,881.0
2020-12-27,PARKERSBURG WV,683.0,606.0
2020-12-27,PHOENIX AZ,1725.0,1547.0
2020-12-27,RALEIGH-DURHAM NC,556.0,491.0
2020-12-27,SAN ANGELO TX,518.0,458.0
2020-12-27,SHREVEPORT LA,910.0,802.0
2020-12-27,SPRINGFIELD MO,1200.0,1040.0
2020-12-27,ST JOSEPH MO,351.0,315.0
2020-12-27,TULSA OK,430.0,370.0
2020-12-27,TYLER-LONGVIEW TX,2383.0,2146.0
2020-12-27,VICTORIA TX,309.0,284.0
2020-12-27,WACO-TEMPLE-BRYAN TX,1020.0,896.0
2021-01-03,ABILENE-SWEETWATER TX,892.0,795.0
2021-01-03,ALEXANDRIA LA,769.0,695.0
2021-01-03,AMARILLO TX,1075.0,967.0
2021-01-03,AUSTIN TX,1618.0,1458.0
2021-01-03,All Other Suddenlink DMA Total,3825.0,3377.0
2021-01-03,BLUEFIELD-BECKLEY-OAK HILL WV,1039.0,924.0
2021-01-03,CHARLESTON-HUNTINGTON WV,2138.0,1901.0
2021-01-03,DALLAS-FT WORTH TX,3228.0,2855.0
2021-01-03,EUREKA CA,572.0,502.0
2021-01-03,GREENVILLE-NEW BERN-WASH NC,1801.0,1636.0
2021-01-03,HOUSTON TX,2585.0,2295.0
2021-01-03,JONESBORO AR,469.0,441.0
2021-01-03,LAKE CHARLES LA,709.0,646.0
2021-01-03,LITTLE ROCK AR,1873.0,1652.0
2021-01-03,LUBBOCK TX,1181.0,1061.0
2021-01-03,MONROE-EL DORADO LA-AR,501.0,444.0
2021-01-03,"NEW YORK, NY",38041.0,33732.0
2021-01-03,ODESSA-MIDLAND TX,830.0,721.0
2021-01-03,OKLAHOMA CITY OK,1007.0,889.0
2021-01-03,PARKERSBURG WV,762.0,680.0
2021-01-03,PHOENIX AZ,1972.0,1738.0
2021-01-03,RALEIGH-DURHAM NC,628.0,560.0
2021-01-03,SAN ANGELO TX,580.0,513.0
2021-01-03,SHREVEPORT LA,987.0,886.0
2021-01-03,SPRINGFIELD MO,1258.0,1118.0
2021-01-03,ST JOSEPH MO,399.0,358.0
2021-01-03,TULSA OK,394.0,349.0
2021-01-03,TYLER-LONGVIEW TX,2664.0,2329.0
2021-01-03,VICTORIA TX,352.0,308.0
2021-01-03,WACO-TEMPLE-BRYAN TX,1201.0,1067.0
2021-01-10,ABILENE-SWEETWATER TX,817.0,734.0
2021-01-10,ALEXANDRIA LA,676.0,606.0
2021-01-10,AMARILLO TX,947.0,863.0
2021-01-10,AUSTIN TX,1581.0,1416.0
2021-01-10,All Other Suddenlink DMA Total,3137.0,2780.0
2021-01-10,BLUEFIELD-BECKLEY-OAK HILL WV,933.0,825.0
2021-01-10,CHARLESTON-HUNTINGTON WV,1813.0,1614.0
2021-01-10,DALLAS-FT WORTH TX,3059.0,2716.0
2021-01-10,EUREKA CA,730.0,673.0
2021-01-10,GREENVILLE-NEW BERN-WASH NC,1594.0,1437.0
2021-01-10,HOUSTON TX,2339.0,2083.0
2021-01-10,JONESBORO AR,438.0,394.0
2021-01-10,LAKE CHARLES LA,674.0,617.0
2021-01-10,LITTLE ROCK AR,1645.0,1467.0
2021-01-10,LUBBOCK TX,1109.0,1003.0
2021-01-10,MONROE-EL DORADO LA-AR,428.0,376.0
2021-01-10,"NEW YORK, NY",34463.0,30663.0
2021-01-10,ODESSA-MIDLAND TX,752.0,669.0
2021-01-10,OKLAHOMA CITY OK,949.0,843.0
2021-01-10,PARKERSBURG WV,671.0,604.0
2021-01-10,PHOENIX AZ,1686.0,1485.0
2021-01-10,RALEIGH-DURHAM NC,504.0,465.0
2021-01-10,SAN ANGELO TX,505.0,450.0
2021-01-10,SHREVEPORT LA,1000.0,900.0
2021-01-10,SPRINGFIELD MO,1243.0,1075.0
2021-01-10,ST JOSEPH MO,321.0,291.0
2021-01-10,TULSA OK,402.0,367.0
2021-01-10,TYLER-LONGVIEW TX,2262.0,2022.0
2021-01-10,VICTORIA TX,309.0,281.0
2021-01-10,WACO-TEMPLE-BRYAN TX,1076.0,979.0
2021-01-17,ABILENE-SWEETWATER TX,640.0,579.0
2021-01-17,ALEXANDRIA LA,670.0,623.0
2021-01-17,AMARILLO TX,883.0,784.0
2021-01-17,AUSTIN TX,1486.0,1324.0
2021-01-17,All Other Suddenlink DMA Total,3223.0,2848.0
2021-01-17,BLUEFIELD-BECKLEY-OAK HILL WV,891.0,791.0
2021-01-17,CHARLESTON-HUNTINGTON WV,1709.0,1518.0
2021-01-17,DALLAS-FT WORTH TX,2937.0,2592.0
2021-01-17,EUREKA CA,501.0,436.0
2021-01-17,GREENVILLE-NEW BERN-WASH NC,1480.0,1318.0
2021-01-17,HOUSTON TX,2254.0,2006.0
2021-01-17,JONESBORO AR,408.0,372.0
2021-01-17,LAKE CHARLES LA,588.0,512.0
2021-01-17,LITTLE ROCK AR,1477.0,1324.0
2021-01-17,LUBBOCK TX,1072.0,958.0
2021-01-17,MONROE-EL DORADO LA-AR,381.0,340.0
2021-01-17,"NEW YORK, NY",33554.0,29942.0
2021-01-17,ODESSA-MIDLAND TX,724.0,642.0
2021-01-17,OKLAHOMA CITY OK,827.0,750.0
2021-01-17,PARKERSBURG WV,564.0,502.0
2021-01-17,PHOENIX AZ,1624.0,1446.0
2021-01-17,RALEIGH-DURHAM NC,508.0,463.0
2021-01-17,SAN ANGELO TX,483.0,426.0
2021-01-17,SHREVEPORT LA,941.0,831.0
2021-01-17,SPRINGFIELD MO,1058.0,932.0
2021-01-17,ST JOSEPH MO,288.0,264.0
2021-01-17,TULSA OK,335.0,292.0
2021-01-17,TYLER-LONGVIEW TX,2123.0,1903.0
2021-01-17,VICTORIA TX,288.0,248.0
2021-01-17,WACO-TEMPLE-BRYAN TX,1012.0,897.0
2021-01-24,ABILENE-SWEETWATER TX,704.0,628.0
2021-01-24,ALEXANDRIA LA,654.0,576.0
2021-01-24,AMARILLO TX,835.0,766.0
2021-01-24,AUSTIN TX,1565.0,1413.0
2021-01-24,All Other Suddenlink DMA Total,3268.0,2901.0
2021-01-24,BLUEFIELD-BECKLEY-OAK HILL WV,819.0,741.0
2021-01-24,CHARLESTON-HUNTINGTON WV,1744.0,1568.0
2021-01-24,DALLAS-FT WORTH TX,3044.0,2703.0
2021-01-24,EUREKA CA,504.0,466.0
2021-01-24,GREENVILLE-NEW BERN-WASH NC,1602.0,1424.0
2021-01-24,HOUSTON TX,2224.0,1983.0
2021-01-24,JONESBORO AR,397.0,371.0
2021-01-24,LAKE CHARLES LA,630.0,571.0
2021-01-24,LITTLE ROCK AR,1571.0,1420.0
2021-01-24,LUBBOCK TX,1014.0,932.0
2021-01-24,MONROE-EL DORADO LA-AR,425.0,378.0
2021-01-24,"NEW YORK, NY",33137.0,29551.0
2021-01-24,ODESSA-MIDLAND TX,688.0,623.0
2021-01-24,OKLAHOMA CITY OK,798.0,721.0
2021-01-24,PARKERSBURG WV,631.0,558.0
2021-01-24,PHOENIX AZ,1457.0,1291.0
2021-01-24,RALEIGH-DURHAM NC,536.0,488.0
2021-01-24,SAN ANGELO TX,457.0,410.0
2021-01-24,SHREVEPORT LA,981.0,868.0
2021-01-24,SPRINGFIELD MO,1040.0,939.0
2021-01-24,ST JOSEPH MO,328.0,284.0
2021-01-24,TULSA OK,327.0,297.0
2021-01-24,TYLER-LONGVIEW TX,2150.0,1946.0
2021-01-24,VICTORIA TX,288.0,263.0
2021-01-24,WACO-TEMPLE-BRYAN TX,1011.0,882.0
2021-01-31,ABILENE-SWEETWATER TX,715.0,638.0
2021-01-31,ALEXANDRIA LA,693.0,637.0
2021-01-31,AMARILLO TX,774.0,703.0
2021-01-31,AUSTIN TX,1538.0,1369.0
2021-01-31,All Other Suddenlink DMA Total,3271.0,2878.0
2021-01-31,BLUEFIELD-BECKLEY-OAK HILL WV,910.0,806.0
2021-01-31,CHARLESTON-HUNTINGTON WV,1738.0,1545.0
2021-01-31,DALLAS-FT WORTH TX,2928.0,2618.0
2021-01-31,EUREKA CA,445.0,399.0
2021-01-31,GREENVILLE-NEW BERN-WASH NC,1436.0,1327.0
2021-01-31,HOUSTON TX,2293.0,2051.0
2021-01-31,JONESBORO AR,384.0,358.0
2021-01-31,LAKE CHARLES LA,539.0,490.0
2021-01-31,LITTLE ROCK AR,1607.0,1417.0
2021-01-31,LUBBOCK TX,1015.0,921.0
2021-01-31,MONROE-EL DORADO LA-AR,379.0,348.0
2021-01-31,"NEW YORK, NY",28643.0,25703.0
2021-01-31,ODESSA-MIDLAND TX,656.0,596.0
2021-01-31,OKLAHOMA CITY OK,865.0,786.0
2021-01-31,PARKERSBURG WV,558.0,504.0
2021-01-31,PHOENIX AZ,1488.0,1323.0
2021-01-31,RALEIGH-DURHAM NC,503.0,447.0
2021-01-31,SAN ANGELO TX,438.0,403.0
2021-01-31,SHREVEPORT LA,907.0,815.0
2021-01-31,SPRINGFIELD MO,1080.0,922.0
2021-01-31,ST JOSEPH MO,329.0,301.0
2021-01-31,TULSA OK,360.0,327.0
2021-01-31,TYLER-LONGVIEW TX,2096.0,1876.0
2021-01-31,VICTORIA TX,266.0,238.0
2021-01-31,WACO-TEMPLE-BRYAN TX,978.0,873.0
2021-02-07,ABILENE-SWEETWATER TX,600.0,543.0
2021-02-07,ALEXANDRIA LA,632.0,575.0
2021-02-07,AMARILLO TX,812.0,737.0
2021-02-07,AUSTIN TX,1546.0,1395.0
2021-02-07,All Other Suddenlink DMA Total,2892.0,2577.0
2021-02-07,BLUEFIELD-BECKLEY-OAK HILL WV,855.0,772.0
2021-02-07,CHARLESTON-HUNTINGTON WV,1555.0,1409.0
2021-02-07,DALLAS-FT WORTH TX,2883.0,2564.0
2021-02-07,EUREKA CA,433.0,399.0
2021-02-07,GREENVILLE-NEW BERN-WASH NC,1473.0,1337.0
2021-02-07,HOUSTON TX,2172.0,1977.0
2021-02-07,JONESBORO AR,356.0,330.0
2021-02-07,LAKE CHARLES LA,527.0,470.0
2021-02-07,LITTLE ROCK AR,1481.0,1342.0
2021-02-07,LUBBOCK TX,865.0,795.0
2021-02-07,MONROE-EL DORADO LA-AR,354.0,319.0
2021-02-07,"NEW YORK, NY",27907.0,24967.0
2021-02-07,ODESSA-MIDLAND TX,659.0,596.0
2021-02-07,OKLAHOMA CITY OK,728.0,668.0
2021-02-07,PARKERSBURG WV,577.0,523.0
2021-02-07,PHOENIX AZ,1523.0,1374.0
2021-02-07,RALEIGH-DURHAM NC,464.0,415.0
2021-02-07,SAN ANGELO TX,423.0,382.0
2021-02-07,SHREVEPORT LA,804.0,719.0
2021-02-07,SPRINGFIELD MO,1022.0,912.0
2021-02-07,ST JOSEPH MO,272.0,251.0
2021-02-07,TULSA OK,286.0,259.0
2021-02-07,TYLER-LONGVIEW TX,1980.0,1776.0
2021-02-07,VICTORIA TX,266.0,247.0
2021-02-07,WACO-TEMPLE-BRYAN TX,924.0,838.0
2021-02-14,ABILENE-SWEETWATER TX,390.0,357.0
2021-02-14,ALEXANDRIA LA,453.0,415.0
2021-02-14,AMARILLO TX,612.0,555.0
2021-02-14,AUSTIN TX,1036.0,941.0
2021-02-14,All Other Suddenlink DMA Total,2650.0,2388.0
2021-02-14,BLUEFIELD-BECKLEY-OAK HILL WV,858.0,779.0
2021-02-14,CHARLESTON-HUNTINGTON WV,1424.0,1289.0
2021-02-14,DALLAS-FT WORTH TX,2042.0,1831.0
2021-02-14,EUREKA CA,414.0,379.0
2021-02-14,GREENVILLE-NEW BERN-WASH NC,1386.0,1241.0
2021-02-14,HOUSTON TX,1520.0,1394.0
2021-02-14,JONESBORO AR,258.0,244.0
2021-02-14,LAKE CHARLES LA,397.0,367.0
2021-02-14,LITTLE ROCK AR,970.0,886.0
2021-02-14,LUBBOCK TX,845.0,756.0
2021-02-14,MONROE-EL DORADO LA-AR,239.0,215.0
2021-02-14,"NEW YORK, NY",28514.0,25508.0
2021-02-14,ODESSA-MIDLAND TX,432.0,409.0
2021-02-14,OKLAHOMA CITY OK,628.0,575.0
2021-02-14,PARKERSBURG WV,509.0,457.0
2021-02-14,PHOENIX AZ,1521.0,1368.0
2021-02-14,RALEIGH-DURHAM NC,433.0,388.0
2021-02-14,SAN ANGELO TX,308.0,275.0
2021-02-14,SHREVEPORT LA,464.0,428.0
2021-02-14,SPRINGFIELD MO,838.0,760.0
2021-02-14,ST JOSEPH MO,241.0,213.0
2021-02-14,TULSA OK,240.0,222.0
2021-02-14,TYLER-LONGVIEW TX,1217.0,1109.0
2021-02-14,VICTORIA TX,182.0,164.0
2021-02-14,WACO-TEMPLE-BRYAN TX,533.0,481.0
2021-02-21,ABILENE-SWEETWATER TX,712.0,631.0
2021-02-21,ALEXANDRIA LA,646.0,582.0
2021-02-21,AMARILLO TX,730.0,662.0
2021-02-21,AUSTIN TX,1659.0,1482.0
2021-02-21,All Other Suddenlink DMA Total,3084.0,2712.0
2021-02-21,BLUEFIELD-BECKLEY-OAK HILL WV,861.0,785.0
2021-02-21,CHARLESTON-HUNTINGTON WV,1750.0,1531.0
2021-02-21,DALLAS-FT WORTH TX,2951.0,2678.0
2021-02-21,EUREKA CA,397.0,356.0
2021-02-21,GREENVILLE-NEW BERN-WASH NC,1523.0,1390.0
2021-02-21,HOUSTON TX,2326.0,2109.0
2021-02-21,JONESBORO AR,435.0,387.0
2021-02-21,LAKE CHARLES LA,495.0,452.0
2021-02-21,LITTLE ROCK AR,1537.0,1367.0
2021-02-21,LUBBOCK TX,924.0,831.0
2021-02-21,MONROE-EL DORADO LA-AR,353.0,313.0
2021-02-21,"NEW YORK, NY",30123.0,26901.0
2021-02-21,ODESSA-MIDLAND TX,613.0,557.0
2021-02-21,OKLAHOMA CITY OK,842.0,754.0
2021-02-21,PARKERSBURG WV,567.0,512.0
2021-02-21,PHOENIX AZ,1634.0,1433.0
2021-02-21,RALEIGH-DURHAM NC,452.0,418.0
2021-02-21,SAN ANGELO TX,412.0,364.0
2021-02-21,SHREVEPORT LA,777.0,706.0
2021-02-21,SPRINGFIELD MO,990.0,886.0
2021-02-21,ST JOSEPH MO,342.0,319.0
2021-02-21,TULSA OK,299.0,271.0
2021-02-21,TYLER-LONGVIEW TX,1976.0,1789.0
2021-02-21,VICTORIA TX,305.0,276.0
2021-02-21,WACO-TEMPLE-BRYAN TX,878.0,788.0
2021-02-28,ABILENE-SWEETWATER TX,733.0,666.0
2021-02-28,ALEXANDRIA LA,685.0,616.0
2021-02-28,AMARILLO TX,810.0,746.0
2021-02-28,AUSTIN TX,1701.0,1545.0
2021-02-28,All Other Suddenlink DMA Total,3255.0,2880.0
2021-02-28,BLUEFIELD-BECKLEY-OAK HILL WV,952.0,864.0
2021-02-28,CHARLESTON-HUNTINGTON WV,1829.0,1644.0
2021-02-28,DALLAS-FT WORTH TX,3280.0,2898.0
2021-02-28,EUREKA CA,473.0,425.0
2021-02-28,GREENVILLE-NEW BERN-WASH NC,1625.0,1474.0
2021-02-28,HOUSTON TX,2558.0,2291.0
2021-02-28,JONESBORO AR,429.0,387.0
2021-02-28,LAKE CHARLES LA,533.0,482.0
2021-02-28,LITTLE ROCK AR,1609.0,1452.0
2021-02-28,LUBBOCK TX,1004.0,915.0
2021-02-28,MONROE-EL DORADO LA-AR,409.0,351.0
2021-02-28,"NEW YORK, NY",32211.0,28626.0
2021-02-28,ODESSA-MIDLAND TX,639.0,578.0
2021-02-28,OKLAHOMA CITY OK,872.0,773.0
2021-02-28,PARKERSBURG WV,566.0,513.0
2021-02-28,PHOENIX AZ,1767.0,1586.0
2021-02-28,RALEIGH-DURHAM NC,547.0,489.0
2021-02-28,SAN ANGELO TX,514.0,468.0
2021-02-28,SHREVEPORT LA,850.0,773.0
2021-02-28,SPRINGFIELD MO,1047.0,925.0
2021-02-28,ST JOSEPH MO,329.0,294.0
2021-02-28,TULSA OK,375.0,332.0
2021-02-28,TYLER-LONGVIEW TX,2144.0,1924.0
2021-02-28,VICTORIA TX,289.0,264.0
2021-02-28,WACO-TEMPLE-BRYAN TX,881.0,808.0
2021-03-07,ABILENE-SWEETWATER TX,653.0,583.0
2021-03-07,ALEXANDRIA LA,708.0,645.0
2021-03-07,AMARILLO TX,738.0,678.0
2021-03-07,AUSTIN TX,1629.0,1464.0
2021-03-07,All Other Suddenlink DMA Total,2934.0,2596.0
2021-03-07,BLUEFIELD-BECKLEY-OAK HILL WV,829.0,741.0
2021-03-07,CHARLESTON-HUNTINGTON WV,1675.0,1503.0
2021-03-07,DALLAS-FT WORTH TX,3006.0,2724.0
2021-03-07,EUREKA CA,399.0,364.0
2021-03-07,GREENVILLE-NEW BERN-WASH NC,1451.0,1294.0
2021-03-07,HOUSTON TX,2195.0,1973.0
2021-03-07,JONESBORO AR,392.0,361.0
2021-03-07,LAKE CHARLES LA,588.0,538.0
2021-03-07,LITTLE ROCK AR,1389.0,1247.0
2021-03-07,LUBBOCK TX,945.0,867.0
2021-03-07,MONROE-EL DORADO LA-AR,458.0,412.0
2021-03-07,"NEW YORK, NY",27571.0,24699.0
2021-03-07,ODESSA-MIDLAND TX,670.0,604.0
2021-03-07,OKLAHOMA CITY OK,861.0,741.0
2021-03-07,PARKERSBURG WV,536.0,477.0
2021-03-07,PHOENIX AZ,1610.0,1465.0
2021-03-07,RALEIGH-DURHAM NC,459.0,405.0
2021-03-07,SAN ANGELO TX,399.0,344.0
2021-03-07,SHREVEPORT LA,867.0,796.0
2021-03-07,SPRINGFIELD MO,980.0,881.0
2021-03-07,ST JOSEPH MO,341.0,298.0
2021-03-07,TULSA OK,282.0,250.0
2021-03-07,TYLER-LONGVIEW TX,2020.0,1806.0
2021-03-07,VICTORIA TX,268.0,251.0
2021-03-07,WACO-TEMPLE-BRYAN TX,908.0,836.0
2021-03-14,ABILENE-SWEETWATER TX,692.0,637.0
2021-03-14,ALEXANDRIA LA,706.0,649.0
2021-03-14,AMARILLO TX,855.0,779.0
2021-03-14,AUSTIN TX,1495.0,1331.0
2021-03-14,All Other Suddenlink DMA Total,2943.0,2657.0
2021-03-14,BLUEFIELD-BECKLEY-OAK HILL WV,819.0,735.0
2021-03-14,CHARLESTON-HUNTINGTON WV,1602.0,1439.0
2021-03-14,DALLAS-FT WORTH TX,3201.0,2900.0
2021-03-14,EUREKA CA,395.0,351.0
2021-03-14,GREENVILLE-NEW BERN-WASH NC,1574.0,1401.0
2021-03-14,HOUSTON TX,2397.0,2133.0
2021-03-14,JONESBORO AR,417.0,375.0
2021-03-14,LAKE CHARLES LA,652.0,584.0
2021-03-14,LITTLE ROCK AR,1557.0,1388.0
2021-03-14,LUBBOCK TX,966.0,879.0
2021-03-14,MONROE-EL DORADO LA-AR,377.0,343.0
2021-03-14,"NEW YORK, NY",27973.0,25028.0
2021-03-14,ODESSA-MIDLAND TX,720.0,634.0
2021-03-14,OKLAHOMA CITY OK,937.0,850.0
2021-03-14,PARKERSBURG WV,534.0,477.0
2021-03-14,PHOENIX AZ,1506.0,1342.0
2021-03-14,RALEIGH-DURHAM NC,472.0,424.0
2021-03-14,SAN ANGELO TX,431.0,393.0
2021-03-14,SHREVEPORT LA,891.0,809.0
2021-03-14,SPRINGFIELD MO,1028.0,908.0
2021-03-14,ST JOSEPH MO,343.0,308.0
2021-03-14,TULSA OK,386.0,342.0
2021-03-14,TYLER-LONGVIEW TX,2220.0,1997.0
2021-03-14,VICTORIA TX,328.0,285.0
2021-03-14,WACO-TEMPLE-BRYAN TX,968.0,870.0
2021-03-21,ABILENE-SWEETWATER TX,585.0,532.0
2021-03-21,ALEXANDRIA LA,668.0,601.0
2021-03-21,AMARILLO TX,803.0,720.0
2021-03-21,AUSTIN TX,1366.0,1248.0
2021-03-21,All Other Suddenlink DMA Total,2832.0,2552.0
2021-03-21,BLUEFIELD-BECKLEY-OAK HILL WV,778.0,704.0
2021-03-21,CHARLESTON-HUNTINGTON WV,1400.0,1273.0
2021-03-21,DALLAS-FT WORTH TX,2752.0,2477.0
2021-03-21,EUREKA CA,420.0,378.0
2021-03-21,GREENVILLE-NEW BERN-WASH NC,1283.0,1174.0
2021-03-21,HOUSTON TX,2392.0,2110.0
2021-03-21,JONESBORO AR,409.0,380.0
2021-03-21,LAKE CHARLES LA,574.0,523.0
2021-03-21,LITTLE ROCK AR,1401.0,1238.0
2021-03-21,LUBBOCK TX,995.0,910.0
2021-03-21,MONROE-EL DORADO LA-AR,377.0,344.0
2021-03-21,"NEW YORK, NY",25471.0,22800.0
2021-03-21,ODESSA-MIDLAND TX,664.0,593.0
2021-03-21,OKLAHOMA CITY OK,855.0,760.0
2021-03-21,PARKERSBURG WV,430.0,391.0
2021-03-21,PHOENIX AZ,1537.0,1358.0
2021-03-21,RALEIGH-DURHAM NC,443.0,404.0
2021-03-21,SAN ANGELO TX,481.0,420.0
2021-03-21,SHREVEPORT LA,838.0,765.0
2021-03-21,SPRINGFIELD MO,953.0,864.0
2021-03-21,ST JOSEPH MO,281.0,250.0
2021-03-21,TULSA OK,315.0,278.0
2021-03-21,TYLER-LONGVIEW TX,1926.0,1725.0
2021-03-21,VICTORIA TX,268.0,240.0
2021-03-21,WACO-TEMPLE-BRYAN TX,865.0,791.0
2021-03-28,ABILENE-SWEETWATER TX,561.0,514.0
2021-03-28,ALEXANDRIA LA,651.0,600.0
2021-03-28,AMARILLO TX,726.0,657.0
2021-03-28,AUSTIN TX,1476.0,1290.0
2021-03-28,All Other Suddenlink DMA Total,2800.0,2485.0
2021-03-28,BLUEFIELD-BECKLEY-OAK HILL WV,699.0,638.0
2021-03-28,CHARLESTON-HUNTINGTON WV,1345.0,1232.0
2021-03-28,DALLAS-FT WORTH TX,2720.0,2440.0
2021-03-28,EUREKA CA,354.0,318.0
2021-03-28,GREENVILLE-NEW BERN-WASH NC,1277.0,1117.0
2021-03-28,HOUSTON TX,2339.0,2091.0
2021-03-28,JONESBORO AR,367.0,332.0
2021-03-28,LAKE CHARLES LA,512.0,460.0
2021-03-28,LITTLE ROCK AR,1530.0,1362.0
2021-03-28,LUBBOCK TX,991.0,887.0
2021-03-28,MONROE-EL DORADO LA-AR,363.0,336.0
2021-03-28,"NEW YORK, NY",26440.0,23701.0
2021-03-28,ODESSA-MIDLAND TX,664.0,588.0
2021-03-28,OKLAHOMA CITY OK,735.0,674.0
2021-03-28,PARKERSBURG WV,413.0,376.0
2021-03-28,PHOENIX AZ,1430.0,1303.0
2021-03-28,RALEIGH-DURHAM NC,434.0,407.0
2021-03-28,SAN ANGELO TX,404.0,379.0
2021-03-28,SHREVEPORT LA,876.0,787.0
2021-03-28,SPRINGFIELD MO,1050.0,925.0
2021-03-28,ST JOSEPH MO,306.0,271.0
2021-03-28,TULSA OK,301.0,279.0
2021-03-28,TYLER-LONGVIEW TX,1865.0,1681.0
2021-03-28,VICTORIA TX,271.0,250.0
2021-03-28,WACO-TEMPLE-BRYAN TX,838.0,769.0
2021-04-04,ABILENE-SWEETWATER TX,577.0,527.0
2021-04-04,ALEXANDRIA LA,640.0,573.0
2021-04-04,AMARILLO TX,653.0,588.0
2021-04-04,AUSTIN TX,1361.0,1202.0
2021-04-04,All Other Suddenlink DMA Total,2712.0,2402.0
2021-04-04,BLUEFIELD-BECKLEY-OAK HILL WV,638.0,559.0
2021-04-04,CHARLESTON-HUNTINGTON WV,1319.0,1186.0
2021-04-04,DALLAS-FT WORTH TX,2617.0,2338.0
2021-04-04,EUREKA CA,309.0,280.0
2021-04-04,GREENVILLE-NEW BERN-WASH NC,1094.0,1002.0
2021-04-04,HOUSTON TX,2219.0,1973.0
2021-04-04,JONESBORO AR,357.0,317.0
2021-04-04,LAKE CHARLES LA,532.0,465.0
2021-04-04,LITTLE ROCK AR,1367.0,1230.0
2021-04-04,LUBBOCK TX,892.0,810.0
2021-04-04,MONROE-EL DORADO LA-AR,326.0,285.0
2021-04-04,"NEW YORK, NY",23647.0,21151.0
2021-04-04,ODESSA-MIDLAND TX,602.0,542.0
2021-04-04,OKLAHOMA CITY OK,773.0,698.0
2021-04-04,PARKERSBURG WV,353.0,317.0
2021-04-04,PHOENIX AZ,1361.0,1246.0
2021-04-04,RALEIGH-DURHAM NC,412.0,377.0
2021-04-04,SAN ANGELO TX,442.0,398.0
2021-04-04,SHREVEPORT LA,775.0,715.0
2021-04-04,SPRINGFIELD MO,908.0,811.0
2021-04-04,ST JOSEPH MO,265.0,234.0
2021-04-04,TULSA OK,321.0,284.0
2021-04-04,TYLER-LONGVIEW TX,1957.0,1769.0
2021-04-04,VICTORIA TX,261.0,244.0
2021-04-04,WACO-TEMPLE-BRYAN TX,787.0,713.0
2021-04-11,ABILENE-SWEETWATER TX,572.0,516.0
2021-04-11,ALEXANDRIA LA,568.0,504.0
2021-04-11,AMARILLO TX,650.0,585.0
2021-04-11,AUSTIN TX,1307.0,1168.0
2021-04-11,All Other Suddenlink DMA Total,2596.0,2297.0
2021-04-11,BLUEFIELD-BECKLEY-OAK HILL WV,653.0,591.0
2021-04-11,CHARLESTON-HUNTINGTON WV,1152.0,1048.0
2021-04-11,DALLAS-FT WORTH TX,2569.0,2309.0
2021-04-11,EUREKA CA,270.0,239.0
2021-04-11,GREENVILLE-NEW BERN-WASH NC,1133.0,1025.0
2021-04-11,HOUSTON TX,2052.0,1831.0
2021-04-11,JONESBORO AR,361.0,320.0
2021-04-11,LAKE CHARLES LA,520.0,469.0
2021-04-11,LITTLE ROCK AR,1239.0,1120.0
2021-04-11,LUBBOCK TX,872.0,798.0
2021-04-11,MONROE-EL DORADO LA-AR,357.0,322.0
2021-04-11,"NEW YORK, NY",23716.0,21255.0
2021-04-11,ODESSA-MIDLAND TX,563.0,513.0
2021-04-11,OKLAHOMA CITY OK,724.0,644.0
2021-04-11,PARKERSBURG WV,409.0,371.0
2021-04-11,PHOENIX AZ,1336.0,1174.0
2021-04-11,RALEIGH-DURHAM NC,360.0,332.0
2021-04-11,SAN ANGELO TX,351.0,320.0
2021-04-11,SHREVEPORT LA,793.0,719.0
2021-04-11,SPRINGFIELD MO,884.0,780.0
2021-04-11,ST JOSEPH MO,272.0,240.0
2021-04-11,TULSA OK,257.0,231.0
2021-04-11,TYLER-LONGVIEW TX,1822.0,1638.0
2021-04-11,VICTORIA TX,258.0,236.0
2021-04-11,WACO-TEMPLE-BRYAN TX,784.0,723.0
2021-04-18,ABILENE-SWEETWATER TX,603.0,535.0
2021-04-18,ALEXANDRIA LA,591.0,531.0
2021-04-18,AMARILLO TX,659.0,614.0
2021-04-18,AUSTIN TX,1397.0,1261.0
2021-04-18,All Other Suddenlink DMA Total,2557.0,2314.0
2021-04-18,BLUEFIELD-BECKLEY-OAK HILL WV,692.0,619.0
2021-04-18,CHARLESTON-HUNTINGTON WV,1252.0,1150.0
2021-04-18,DALLAS-FT WORTH TX,2514.0,2258.0
2021-04-18,EUREKA CA,378.0,347.0
2021-04-18,GREENVILLE-NEW BERN-WASH NC,1164.0,1053.0
2021-04-18,HOUSTON TX,2076.0,1835.0
2021-04-18,JONESBORO AR,375.0,342.0
2021-04-18,LAKE CHARLES LA,530.0,477.0
2021-04-18,LITTLE ROCK AR,1320.0,1179.0
2021-04-18,LUBBOCK TX,850.0,775.0
2021-04-18,MONROE-EL DORADO LA-AR,324.0,284.0
2021-04-18,"NEW YORK, NY",23262.0,20857.0
2021-04-18,ODESSA-MIDLAND TX,605.0,550.0
2021-04-18,OKLAHOMA CITY OK,676.0,619.0
2021-04-18,PARKERSBURG WV,406.0,358.0
2021-04-18,PHOENIX AZ,1323.0,1184.0
2021-04-18,RALEIGH-DURHAM NC,397.0,355.0
2021-04-18,SAN ANGELO TX,380.0,350.0
2021-04-18,SHREVEPORT LA,753.0,682.0
2021-04-18,SPRINGFIELD MO,949.0,867.0
2021-04-18,ST JOSEPH MO,270.0,246.0
2021-04-18,TULSA OK,297.0,255.0
2021-04-18,TYLER-LONGVIEW TX,1623.0,1477.0
2021-04-18,VICTORIA TX,216.0,200.0
2021-04-18,WACO-TEMPLE-BRYAN TX,789.0,725.0
2021-04-25,ABILENE-SWEETWATER TX,533.0,491.0
2021-04-25,ALEXANDRIA LA,646.0,585.0
2021-04-25,AMARILLO TX,660.0,591.0
2021-04-25,AUSTIN TX,1407.0,1263.0
2021-04-25,All Other Suddenlink DMA Total,2573.0,2320.0
2021-04-25,BLUEFIELD-BECKLEY-OAK HILL WV,597.0,543.0
2021-04-25,CHARLESTON-HUNTINGTON WV,1134.0,1022.0
2021-04-25,DALLAS-FT WORTH TX,2546.0,2278.0
2021-04-25,EUREKA CA,286.0,269.0
2021-04-25,GREENVILLE-NEW BERN-WASH NC,1240.0,1121.0
2021-04-25,HOUSTON TX,2125.0,1918.0
2021-04-25,JONESBORO AR,317.0,294.0
2021-04-25,LAKE CHARLES LA,556.0,504.0
2021-04-25,LITTLE ROCK AR,1302.0,1166.0
2021-04-25,LUBBOCK TX,787.0,724.0
2021-04-25,MONROE-EL DORADO LA-AR,334.0,308.0
2021-04-25,"NEW YORK, NY",23765.0,21268.0
2021-04-25,ODESSA-MIDLAND TX,584.0,525.0
2021-04-25,OKLAHOMA CITY OK,711.0,647.0
2021-04-25,PARKERSBURG WV,345.0,317.0
2021-04-25,PHOENIX AZ,1379.0,1222.0
2021-04-25,RALEIGH-DURHAM NC,377.0,348.0
2021-04-25,SAN ANGELO TX,428.0,391.0
2021-04-25,SHREVEPORT LA,738.0,675.0
2021-04-25,SPRINGFIELD MO,784.0,710.0
2021-04-25,ST JOSEPH MO,253.0,223.0
2021-04-25,TULSA OK,241.0,221.0
2021-04-25,TYLER-LONGVIEW TX,1762.0,1599.0
2021-04-25,VICTORIA TX,234.0,211.0
2021-04-25,WACO-TEMPLE-BRYAN TX,812.0,738.0
2021-05-02,ABILENE-SWEETWATER TX,637.0,569.0
2021-05-02,ALEXANDRIA LA,616.0,553.0
2021-05-02,AMARILLO TX,641.0,587.0
2021-05-02,AUSTIN TX,1373.0,1247.0
2021-05-02,All Other Suddenlink DMA Total,2920.0,2578.0
2021-05-02,BLUEFIELD-BECKLEY-OAK HILL WV,726.0,651.0
2021-05-02,CHARLESTON-HUNTINGTON WV,1258.0,1163.0
2021-05-02,DALLAS-FT WORTH TX,2739.0,2484.0
2021-05-02,EUREKA CA,289.0,261.0
2021-05-02,GREENVILLE-NEW BERN-WASH NC,1140.0,1022.0
2021-05-02,HOUSTON TX,2127.0,1928.0
2021-05-02,JONESBORO AR,333.0,302.0
2021-05-02,LAKE CHARLES LA,563.0,512.0
2021-05-02,LITTLE ROCK AR,1211.0,1096.0
2021-05-02,LUBBOCK TX,833.0,776.0
2021-05-02,MONROE-EL DORADO LA-AR,338.0,308.0
2021-05-02,"NEW YORK, NY",23430.0,20994.0
2021-05-02,ODESSA-MIDLAND TX,536.0,487.0
2021-05-02,OKLAHOMA CITY OK,755.0,671.0
2021-05-02,PARKERSBURG WV,506.0,454.0
2021-05-02,PHOENIX AZ,1477.0,1333.0
2021-05-02,RALEIGH-DURHAM NC,370.0,327.0
2021-05-02,SAN ANGELO TX,359.0,322.0
2021-05-02,SHREVEPORT LA,814.0,734.0
2021-05-02,SPRINGFIELD MO,795.0,714.0
2021-05-02,ST JOSEPH MO,263.0,245.0
2021-05-02,TULSA OK,277.0,246.0
2021-05-02,TYLER-LONGVIEW TX,1804.0,1637.0
2021-05-02,VICTORIA TX,300.0,268.0
2021-05-02,WACO-TEMPLE-BRYAN TX,895.0,802.0
2021-05-09,ABILENE-SWEETWATER TX,597.0,543.0
2021-05-09,ALEXANDRIA LA,611.0,559.0
2021-05-09,AMARILLO TX,658.0,599.0
2021-05-09,AUSTIN TX,1411.0,1279.0
2021-05-09,All Other Suddenlink DMA Total,2668.0,2385.0
2021-05-09,BLUEFIELD-BECKLEY-OAK HILL WV,620.0,564.0
2021-05-09,CHARLESTON-HUNTINGTON WV,1265.0,1156.0
2021-05-09,DALLAS-FT WORTH TX,2756.0,2490.0
2021-05-09,EUREKA CA,262.0,238.0
2021-05-09,GREENVILLE-NEW BERN-WASH NC,1140.0,1017.0
2021-05-09,HOUSTON TX,2083.0,1898.0
2021-05-09,JONESBORO AR,320.0,298.0
2021-05-09,LAKE CHARLES LA,468.0,425.0
2021-05-09,LITTLE ROCK AR,1449.0,1287.0
2021-05-09,LUBBOCK TX,862.0,794.0
2021-05-09,MONROE-EL DORADO LA-AR,382.0,347.0
2021-05-09,"NEW YORK, NY",21364.0,19247.0
2021-05-09,ODESSA-MIDLAND TX,571.0,506.0
2021-05-09,OKLAHOMA CITY OK,793.0,726.0
2021-05-09,PARKERSBURG WV,488.0,442.0
2021-05-09,PHOENIX AZ,1439.0,1284.0
2021-05-09,RALEIGH-DURHAM NC,456.0,415.0
2021-05-09,SAN ANGELO TX,384.0,348.0
2021-05-09,SHREVEPORT LA,843.0,742.0
2021-05-09,SPRINGFIELD MO,972.0,847.0
2021-05-09,ST JOSEPH MO,252.0,229.0
2021-05-09,TULSA OK,259.0,237.0
2021-05-09,TYLER-LONGVIEW TX,1895.0,1694.0
2021-05-09,VICTORIA TX,265.0,242.0
2021-05-09,WACO-TEMPLE-BRYAN TX,884.0,788.0
2021-05-16,ABILENE-SWEETWATER TX,588.0,525.0
2021-05-16,ALEXANDRIA LA,621.0,568.0
2021-05-16,AMARILLO TX,687.0,623.0
2021-05-16,AUSTIN TX,1488.0,1318.0
2021-05-16,All Other Suddenlink DMA Total,2719.0,2419.0
2021-05-16,BLUEFIELD-BECKLEY-OAK HILL WV,668.0,590.0
2021-05-16,CHARLESTON-HUNTINGTON WV,1261.0,1135.0
2021-05-16,DALLAS-FT WORTH TX,2725.0,2480.0
2021-05-16,EUREKA CA,260.0,244.0
2021-05-16,GREENVILLE-NEW BERN-WASH NC,1197.0,1070.0
2021-05-16,HOUSTON TX,2321.0,2073.0
2021-05-16,JONESBORO AR,314.0,289.0
2021-05-16,LAKE CHARLES LA,532.0,484.0
2021-05-16,LITTLE ROCK AR,1398.0,1249.0
2021-05-16,LUBBOCK TX,909.0,837.0
2021-05-16,MONROE-EL DORADO LA-AR,384.0,343.0
2021-05-16,"NEW YORK, NY",21266.0,19105.0
2021-05-16,ODESSA-MIDLAND TX,561.0,502.0
2021-05-16,OKLAHOMA CITY OK,836.0,764.0
2021-05-16,PARKERSBURG WV,421.0,381.0
2021-05-16,PHOENIX AZ,1459.0,1300.0
2021-05-16,RALEIGH-DURHAM NC,429.0,391.0
2021-05-16,SAN ANGELO TX,368.0,332.0
2021-05-16,SHREVEPORT LA,794.0,728.0
2021-05-16,SPRINGFIELD MO,858.0,777.0
2021-05-16,ST JOSEPH MO,232.0,211.0
2021-05-16,TULSA OK,319.0,281.0
2021-05-16,TYLER-LONGVIEW TX,1995.0,1775.0
2021-05-16,VICTORIA TX,237.0,224.0
2021-05-16,WACO-TEMPLE-BRYAN TX,910.0,825.0
2021-05-23,ABILENE-SWEETWATER TX,686.0,615.0
2021-05-23,ALEXANDRIA LA,609.0,565.0
2021-05-23,AMARILLO TX,619.0,578.0
2021-05-23,AUSTIN TX,1439.0,1295.0
2021-05-23,All Other Suddenlink DMA Total,2593.0,2291.0
2021-05-23,BLUEFIELD-BECKLEY-OAK HILL WV,674.0,605.0
2021-05-23,CHARLESTON-HUNTINGTON WV,1315.0,1199.0
2021-05-23,DALLAS-FT WORTH TX,2609.0,2371.0
2021-05-23,EUREKA CA,308.0,276.0
2021-05-23,GREENVILLE-NEW BERN-WASH NC,1226.0,1113.0
2021-05-23,HOUSTON TX,2198.0,1977.0
2021-05-23,JONESBORO AR,332.0,302.0
2021-05-23,LAKE CHARLES LA,592.0,543.0
2021-05-23,LITTLE ROCK AR,1231.0,1095.0
2021-05-23,LUBBOCK TX,829.0,758.0
2021-05-23,MONROE-EL DORADO LA-AR,429.0,380.0
2021-05-23,"NEW YORK, NY",22520.0,20318.0
2021-05-23,ODESSA-MIDLAND TX,580.0,536.0
2021-05-23,OKLAHOMA CITY OK,919.0,803.0
2021-05-23,PARKERSBURG WV,432.0,392.0
2021-05-23,PHOENIX AZ,1391.0,1277.0
2021-05-23,RALEIGH-DURHAM NC,371.0,336.0
2021-05-23,SAN ANGELO TX,344.0,313.0
2021-05-23,SHREVEPORT LA,887.0,801.0
2021-05-23,SPRINGFIELD MO,861.0,777.0
2021-05-23,ST JOSEPH MO,224.0,204.0
2021-05-23,TULSA OK,289.0,257.0
2021-05-23,TYLER-LONGVIEW TX,1852.0,1689.0
2021-05-23,VICTORIA TX,282.0,256.0
2021-05-23,WACO-TEMPLE-BRYAN TX,900.0,811.0
2021-05-30,ABILENE-SWEETWATER TX,658.0,589.0
2021-05-30,ALEXANDRIA LA,589.0,545.0
2021-05-30,AMARILLO TX,648.0,592.0
2021-05-30,AUSTIN TX,1567.0,1408.0
2021-05-30,All Other Suddenlink DMA Total,2783.0,2472.0
2021-05-30,BLUEFIELD-BECKLEY-OAK HILL WV,701.0,638.0
2021-05-30,CHARLESTON-HUNTINGTON WV,1232.0,1123.0
2021-05-30,DALLAS-FT WORTH TX,2603.0,2357.0
2021-05-30,EUREKA CA,358.0,322.0
2021-05-30,GREENVILLE-NEW BERN-WASH NC,1295.0,1164.0
2021-05-30,HOUSTON TX,2128.0,1914.0
2021-05-30,JONESBORO AR,319.0,289.0
2021-05-30,LAKE CHARLES LA,547.0,510.0
2021-05-30,LITTLE ROCK AR,1435.0,1290.0
2021-05-30,LUBBOCK TX,925.0,834.0
2021-05-30,MONROE-EL DORADO LA-AR,436.0,386.0
2021-05-30,"NEW YORK, NY",23309.0,20954.0
2021-05-30,ODESSA-MIDLAND TX,588.0,537.0
2021-05-30,OKLAHOMA CITY OK,1098.0,982.0
2021-05-30,PARKERSBURG WV,438.0,400.0
2021-05-30,PHOENIX AZ,1498.0,1323.0
2021-05-30,RALEIGH-DURHAM NC,373.0,340.0
2021-05-30,SAN ANGELO TX,358.0,329.0
2021-05-30,SHREVEPORT LA,882.0,811.0
2021-05-30,SPRINGFIELD MO,931.0,826.0
2021-05-30,ST JOSEPH MO,252.0,235.0
2021-05-30,TULSA OK,270.0,240.0
2021-05-30,TYLER-LONGVIEW TX,1824.0,1667.0
2021-05-30,VICTORIA TX,251.0,230.0
2021-05-30,WACO-TEMPLE-BRYAN TX,980.0,886.0
2021-06-06,ABILENE-SWEETWATER TX,615.0,551.0
2021-06-06,ALEXANDRIA LA,663.0,599.0
2021-06-06,AMARILLO TX,653.0,591.0
2021-06-06,AUSTIN TX,1457.0,1297.0
2021-06-06,All Other Suddenlink DMA Total,2872.0,2563.0
2021-06-06,BLUEFIELD-BECKLEY-OAK HILL WV,743.0,683.0
2021-06-06,CHARLESTON-HUNTINGTON WV,1418.0,1268.0
2021-06-06,DALLAS-FT WORTH TX,2663.0,2414.0
2021-06-06,EUREKA CA,346.0,309.0
2021-06-06,GREENVILLE-NEW BERN-WASH NC,1393.0,1254.0
2021-06-06,HOUSTON TX,2279.0,2045.0
2021-06-06,JONESBORO AR,387.0,362.0
2021-06-06,LAKE CHARLES LA,615.0,554.0
2021-06-06,LITTLE ROCK AR,1555.0,1395.0
2021-06-06,LUBBOCK TX,921.0,838.0
2021-06-06,MONROE-EL DORADO LA-AR,501.0,434.0
2021-06-06,"NEW YORK, NY",21301.0,19285.0
2021-06-06,ODESSA-MIDLAND TX,650.0,592.0
2021-06-06,OKLAHOMA CITY OK,936.0,827.0
2021-06-06,PARKERSBURG WV,387.0,349.0
2021-06-06,PHOENIX AZ,1499.0,1361.0
2021-06-06,RALEIGH-DURHAM NC,417.0,377.0
2021-06-06,SAN ANGELO TX,428.0,387.0
2021-06-06,SHREVEPORT LA,862.0,775.0
2021-06-06,SPRINGFIELD MO,875.0,786.0
2021-06-06,ST JOSEPH MO,241.0,231.0
2021-06-06,TULSA OK,278.0,255.0
2021-06-06,TYLER-LONGVIEW TX,2081.0,1868.0
2021-06-06,VICTORIA TX,231.0,216.0
2021-06-06,WACO-TEMPLE-BRYAN TX,968.0,869.0
2021-06-13,ABILENE-SWEETWATER TX,613.0,554.0
2021-06-13,ALEXANDRIA LA,598.0,550.0
2021-06-13,AMARILLO TX,706.0,637.0
2021-06-13,AUSTIN TX,1506.0,1331.0
2021-06-13,All Other Suddenlink DMA Total,2829.0,2496.0
2021-06-13,BLUEFIELD-BECKLEY-OAK HILL WV,679.0,616.0
2021-06-13,CHARLESTON-HUNTINGTON WV,1323.0,1204.0
2021-06-13,DALLAS-FT WORTH TX,2610.0,2358.0
2021-06-13,EUREKA CA,327.0,304.0
2021-06-13,GREENVILLE-NEW BERN-WASH NC,1269.0,1122.0
2021-06-13,HOUSTON TX,2136.0,1912.0
2021-06-13,JONESBORO AR,328.0,293.0
2021-06-13,LAKE CHARLES LA,607.0,551.0
2021-06-13,LITTLE ROCK AR,1302.0,1156.0
2021-06-13,LUBBOCK TX,882.0,804.0
2021-06-13,MONROE-EL DORADO LA-AR,387.0,341.0
2021-06-13,"NEW YORK, NY",20491.0,18502.0
2021-06-13,ODESSA-MIDLAND TX,581.0,525.0
2021-06-13,OKLAHOMA CITY OK,764.0,684.0
2021-06-13,PARKERSBURG WV,409.0,372.0
2021-06-13,PHOENIX AZ,1397.0,1248.0
2021-06-13,RALEIGH-DURHAM NC,416.0,384.0
2021-06-13,SAN ANGELO TX,410.0,375.0
2021-06-13,SHREVEPORT LA,795.0,719.0
2021-06-13,SPRINGFIELD MO,796.0,713.0
2021-06-13,ST JOSEPH MO,252.0,228.0
2021-06-13,TULSA OK,266.0,249.0
2021-06-13,TYLER-LONGVIEW TX,1947.0,1758.0
2021-06-13,VICTORIA TX,236.0,221.0
2021-06-13,WACO-TEMPLE-BRYAN TX,977.0,877.0
2021-06-20,ABILENE-SWEETWATER TX,635.0,568.0
2021-06-20,ALEXANDRIA LA,660.0,607.0
2021-06-20,AMARILLO TX,658.0,602.0
2021-06-20,AUSTIN TX,1434.0,1289.0
2021-06-20,All Other Suddenlink DMA Total,2746.0,2462.0
2021-06-20,BLUEFIELD-BECKLEY-OAK HILL WV,736.0,661.0
2021-06-20,CHARLESTON-HUNTINGTON WV,1288.0,1165.0
2021-06-20,DALLAS-FT WORTH TX,2813.0,2527.0
2021-06-20,EUREKA CA,274.0,250.0
2021-06-20,GREENVILLE-NEW BERN-WASH NC,1352.0,1212.0
2021-06-20,HOUSTON TX,2224.0,1993.0
2021-06-20,JONESBORO AR,384.0,348.0
2021-06-20,LAKE CHARLES LA,569.0,513.0
2021-06-20,LITTLE ROCK AR,1345.0,1208.0
2021-06-20,LUBBOCK TX,1006.0,906.0
2021-06-20,MONROE-EL DORADO LA-AR,434.0,378.0
2021-06-20,"NEW YORK, NY",21310.0,19208.0
2021-06-20,ODESSA-MIDLAND TX,608.0,550.0
2021-06-20,OKLAHOMA CITY OK,789.0,720.0
2021-06-20,PARKERSBURG WV,366.0,335.0
2021-06-20,PHOENIX AZ,1425.0,1282.0
2021-06-20,RALEIGH-DURHAM NC,399.0,364.0
2021-06-20,SAN ANGELO TX,389.0,364.0
2021-06-20,SHREVEPORT LA,899.0,805.0
2021-06-20,SPRINGFIELD MO,907.0,803.0
2021-06-20,ST JOSEPH MO,268.0,248.0
2021-06-20,TULSA OK,275.0,240.0
2021-06-20,TYLER-LONGVIEW TX,1928.0,1748.0
2021-06-20,VICTORIA TX,295.0,261.0
2021-06-20,WACO-TEMPLE-BRYAN TX,1070.0,964.0
2021-06-27,ABILENE-SWEETWATER TX,617.0,555.0
2021-06-27,ALEXANDRIA LA,696.0,627.0
2021-06-27,AMARILLO TX,807.0,719.0
2021-06-27,AUSTIN TX,1512.0,1350.0
2021-06-27,All Other Suddenlink DMA Total,2889.0,2559.0
2021-06-27,BLUEFIELD-BECKLEY-OAK HILL WV,777.0,698.0
2021-06-27,CHARLESTON-HUNTINGTON WV,1420.0,1279.0
2021-06-27,DALLAS-FT WORTH TX,2719.0,2430.0
2021-06-27,EUREKA CA,330.0,295.0
2021-06-27,GREENVILLE-NEW BERN-WASH NC,1277.0,1134.0
2021-06-27,HOUSTON TX,2258.0,2047.0
2021-06-27,JONESBORO AR,318.0,288.0
2021-06-27,LAKE CHARLES LA,611.0,545.0
2021-06-27,LITTLE ROCK AR,1310.0,1139.0
2021-06-27,LUBBOCK TX,1092.0,991.0
2021-06-27,MONROE-EL DORADO LA-AR,439.0,389.0
2021-06-27,"NEW YORK, NY",23319.0,20956.0
2021-06-27,ODESSA-MIDLAND TX,616.0,556.0
2021-06-27,OKLAHOMA CITY OK,851.0,755.0
2021-06-27,PARKERSBURG WV,444.0,400.0
2021-06-27,PHOENIX AZ,1461.0,1311.0
2021-06-27,RALEIGH-DURHAM NC,371.0,338.0
2021-06-27,SAN ANGELO TX,426.0,382.0
2021-06-27,SHREVEPORT LA,878.0,788.0
2021-06-27,SPRINGFIELD MO,866.0,771.0
2021-06-27,ST JOSEPH MO,231.0,212.0
2021-06-27,TULSA OK,270.0,242.0
2021-06-27,TYLER-LONGVIEW TX,1876.0,1694.0
2021-06-27,VICTORIA TX,266.0,241.0
2021-06-27,WACO-TEMPLE-BRYAN TX,1312.0,1180.0
2021-07-04,ABILENE-SWEETWATER TX,522.0,476.0
2021-07-04,ALEXANDRIA LA,629.0,565.0
2021-07-04,AMARILLO TX,622.0,561.0
2021-07-04,AUSTIN TX,1405.0,1247.0
2021-07-04,All Other Suddenlink DMA Total,2443.0,2187.0
2021-07-04,BLUEFIELD-BECKLEY-OAK HILL WV,795.0,715.0
2021-07-04,CHARLESTON-HUNTINGTON WV,1293.0,1179.0
2021-07-04,DALLAS-FT WORTH TX,2592.0,2305.0
2021-07-04,EUREKA CA,334.0,302.0
2021-07-04,GREENVILLE-NEW BERN-WASH NC,1345.0,1184.0
2021-07-04,HOUSTON TX,2081.0,1851.0
2021-07-04,JONESBORO AR,295.0,275.0
2021-07-04,LAKE CHARLES LA,513.0,457.0
2021-07-04,LITTLE ROCK AR,1354.0,1216.0
2021-07-04,LUBBOCK TX,1001.0,908.0
2021-07-04,MONROE-EL DORADO LA-AR,400.0,363.0
2021-07-04,"NEW YORK, NY",20785.0,18764.0
2021-07-04,ODESSA-MIDLAND TX,541.0,487.0
2021-07-04,OKLAHOMA CITY OK,830.0,750.0
2021-07-04,PARKERSBURG WV,432.0,392.0
2021-07-04,PHOENIX AZ,1387.0,1265.0
2021-07-04,RALEIGH-DURHAM NC,386.0,358.0
2021-07-04,SAN ANGELO TX,403.0,368.0
2021-07-04,SHREVEPORT LA,784.0,725.0
2021-07-04,SPRINGFIELD MO,781.0,692.0
2021-07-04,ST JOSEPH MO,252.0,225.0
2021-07-04,TULSA OK,219.0,202.0
2021-07-04,TYLER-LONGVIEW TX,1907.0,1705.0
2021-07-04,VICTORIA TX,255.0,232.0
2021-07-04,WACO-TEMPLE-BRYAN TX,1238.0,1119.0
2021-07-11,ABILENE-SWEETWATER TX,620.0,546.0
2021-07-11,ALEXANDRIA LA,716.0,650.0
2021-07-11,AMARILLO TX,747.0,656.0
2021-07-11,AUSTIN TX,1469.0,1309.0
2021-07-11,All Other Suddenlink DMA Total,2782.0,2483.0
2021-07-11,BLUEFIELD-BECKLEY-OAK HILL WV,733.0,671.0
2021-07-11,CHARLESTON-HUNTINGTON WV,1360.0,1215.0
2021-07-11,DALLAS-FT WORTH TX,2947.0,2618.0
2021-07-11,EUREKA CA,303.0,272.0
2021-07-11,GREENVILLE-NEW BERN-WASH NC,1569.0,1408.0
2021-07-11,HOUSTON TX,2206.0,1968.0
2021-07-11,JONESBORO AR,325.0,297.0
2021-07-11,LAKE CHARLES LA,601.0,533.0
2021-07-11,LITTLE ROCK AR,1336.0,1200.0
2021-07-11,LUBBOCK TX,1122.0,1042.0
2021-07-11,MONROE-EL DORADO LA-AR,409.0,367.0
2021-07-11,"NEW YORK, NY",22187.0,19911.0
2021-07-11,ODESSA-MIDLAND TX,672.0,609.0
2021-07-11,OKLAHOMA CITY OK,884.0,790.0
2021-07-11,PARKERSBURG WV,411.0,368.0
2021-07-11,PHOENIX AZ,1412.0,1238.0
2021-07-11,RALEIGH-DURHAM NC,433.0,397.0
2021-07-11,SAN ANGELO TX,413.0,375.0
2021-07-11,SHREVEPORT LA,855.0,744.0
2021-07-11,SPRINGFIELD MO,909.0,816.0
2021-07-11,ST JOSEPH MO,263.0,244.0
2021-07-11,TULSA OK,252.0,232.0
2021-07-11,TYLER-LONGVIEW TX,1890.0,1723.0
2021-07-11,VICTORIA TX,330.0,285.0
2021-07-11,WACO-TEMPLE-BRYAN TX,1531.0,1368.0
2021-07-18,ABILENE-SWEETWATER TX,646.0,576.0
2021-07-18,ALEXANDRIA LA,635.0,583.0
2021-07-18,AMARILLO TX,674.0,611.0
2021-07-18,AUSTIN TX,1419.0,1292.0
2021-07-18,All Other Suddenlink DMA Total,2598.0,2292.0
2021-07-18,BLUEFIELD-BECKLEY-OAK HILL WV,763.0,691.0
2021-07-18,CHARLESTON-HUNTINGTON WV,1364.0,1235.0
2021-07-18,DALLAS-FT WORTH TX,3432.0,3050.0
2021-07-18,EUREKA CA,331.0,305.0
2021-07-18,GREENVILLE-NEW BERN-WASH NC,1499.0,1333.0
2021-07-18,HOUSTON TX,2094.0,1893.0
2021-07-18,JONESBORO AR,391.0,358.0
2021-07-18,LAKE CHARLES LA,530.0,487.0
2021-07-18,LITTLE ROCK AR,1374.0,1216.0
2021-07-18,LUBBOCK TX,1178.0,1065.0
2021-07-18,MONROE-EL DORADO LA-AR,406.0,363.0
2021-07-18,"NEW YORK, NY",21030.0,18962.0
2021-07-18,ODESSA-MIDLAND TX,558.0,497.0
2021-07-18,OKLAHOMA CITY OK,873.0,801.0
2021-07-18,PARKERSBURG WV,466.0,424.0
2021-07-18,PHOENIX AZ,1419.0,1275.0
2021-07-18,RALEIGH-DURHAM NC,421.0,385.0
2021-07-18,SAN ANGELO TX,401.0,368.0
2021-07-18,SHREVEPORT LA,806.0,735.0
2021-07-18,SPRINGFIELD MO,848.0,768.0
2021-07-18,ST JOSEPH MO,253.0,227.0
2021-07-18,TULSA OK,280.0,251.0
2021-07-18,TYLER-LONGVIEW TX,1951.0,1782.0
2021-07-18,VICTORIA TX,279.0,258.0
2021-07-18,WACO-TEMPLE-BRYAN TX,1730.0,1515.0
2021-07-25,ABILENE-SWEETWATER TX,644.0,575.0
2021-07-25,ALEXANDRIA LA,642.0,580.0
2021-07-25,AMARILLO TX,695.0,635.0
2021-07-25,AUSTIN TX,1413.0,1286.0
2021-07-25,All Other Suddenlink DMA Total,2716.0,2427.0
2021-07-25,BLUEFIELD-BECKLEY-OAK HILL WV,679.0,617.0
2021-07-25,CHARLESTON-HUNTINGTON WV,1309.0,1180.0
2021-07-25,DALLAS-FT WORTH TX,3095.0,2775.0
2021-07-25,EUREKA CA,320.0,301.0
2021-07-25,GREENVILLE-NEW BERN-WASH NC,1551.0,1387.0
2021-07-25,HOUSTON TX,2183.0,1961.0
2021-07-25,JONESBORO AR,357.0,330.0
2021-07-25,LAKE CHARLES LA,543.0,500.0
2021-07-25,LITTLE ROCK AR,1334.0,1220.0
2021-07-25,LUBBOCK TX,1261.0,1139.0
2021-07-25,MONROE-EL DORADO LA-AR,393.0,361.0
2021-07-25,"NEW YORK, NY",23128.0,20842.0
2021-07-25,ODESSA-MIDLAND TX,595.0,539.0
2021-07-25,OKLAHOMA CITY OK,997.0,903.0
2021-07-25,PARKERSBURG WV,435.0,404.0
2021-07-25,PHOENIX AZ,1434.0,1268.0
2021-07-25,RALEIGH-DURHAM NC,423.0,387.0
2021-07-25,SAN ANGELO TX,436.0,399.0
2021-07-25,SHREVEPORT LA,888.0,790.0
2021-07-25,SPRINGFIELD MO,888.0,798.0
2021-07-25,ST JOSEPH MO,241.0,224.0
2021-07-25,TULSA OK,225.0,203.0
2021-07-25,TYLER-LONGVIEW TX,2007.0,1777.0
2021-07-25,VICTORIA TX,245.0,222.0
2021-07-25,WACO-TEMPLE-BRYAN TX,2157.0,1915.0
2021-08-01,ABILENE-SWEETWATER TX,776.0,699.0
2021-08-01,ALEXANDRIA LA,719.0,647.0
2021-08-01,AMARILLO TX,762.0,698.0
2021-08-01,AUSTIN TX,1404.0,1260.0
2021-08-01,All Other Suddenlink DMA Total,2616.0,2344.0
2021-08-01,BLUEFIELD-BECKLEY-OAK HILL WV,749.0,697.0
2021-08-01,CHARLESTON-HUNTINGTON WV,1420.0,1291.0
2021-08-01,DALLAS-FT WORTH TX,3197.0,2858.0
2021-08-01,EUREKA CA,387.0,356.0
2021-08-01,GREENVILLE-NEW BERN-WASH NC,1558.0,1399.0
2021-08-01,HOUSTON TX,2120.0,1909.0
2021-08-01,JONESBORO AR,381.0,341.0
2021-08-01,LAKE CHARLES LA,544.0,489.0
2021-08-01,LITTLE ROCK AR,1399.0,1248.0
2021-08-01,LUBBOCK TX,1351.0,1216.0
2021-08-01,MONROE-EL DORADO LA-AR,464.0,417.0
2021-08-01,"NEW YORK, NY",23393.0,21030.0
2021-08-01,ODESSA-MIDLAND TX,594.0,540.0
2021-08-01,OKLAHOMA CITY OK,1119.0,985.0
2021-08-01,PARKERSBURG WV,471.0,436.0
2021-08-01,PHOENIX AZ,1446.0,1294.0
2021-08-01,RALEIGH-DURHAM NC,462.0,419.0
2021-08-01,SAN ANGELO TX,464.0,415.0
2021-08-01,SHREVEPORT LA,950.0,860.0
2021-08-01,SPRINGFIELD MO,981.0,866.0
2021-08-01,ST JOSEPH MO,274.0,247.0
2021-08-01,TULSA OK,299.0,271.0
2021-08-01,TYLER-LONGVIEW TX,2058.0,1855.0
2021-08-01,VICTORIA TX,323.0,285.0
2021-08-01,WACO-TEMPLE-BRYAN TX,2100.0,1868.0
2021-08-08,ABILENE-SWEETWATER TX,683.0,610.0
2021-08-08,ALEXANDRIA LA,656.0,583.0
2021-08-08,AMARILLO TX,709.0,649.0
2021-08-08,AUSTIN TX,1379.0,1251.0
2021-08-08,All Other Suddenlink DMA Total,2601.0,2340.0
2021-08-08,BLUEFIELD-BECKLEY-OAK HILL WV,745.0,674.0
2021-08-08,CHARLESTON-HUNTINGTON WV,1374.0,1231.0
2021-08-08,DALLAS-FT WORTH TX,2938.0,2637.0
2021-08-08,EUREKA CA,403.0,366.0
2021-08-08,GREENVILLE-NEW BERN-WASH NC,1474.0,1306.0
2021-08-08,HOUSTON TX,2170.0,1956.0
2021-08-08,JONESBORO AR,343.0,319.0
2021-08-08,LAKE CHARLES LA,534.0,484.0
2021-08-08,LITTLE ROCK AR,1400.0,1252.0
2021-08-08,LUBBOCK TX,1129.0,1050.0
2021-08-08,MONROE-EL DORADO LA-AR,443.0,398.0
2021-08-08,"NEW YORK, NY",22920.0,20637.0
2021-08-08,ODESSA-MIDLAND TX,667.0,608.0
2021-08-08,OKLAHOMA CITY OK,1108.0,983.0
2021-08-08,PARKERSBURG WV,418.0,385.0
2021-08-08,PHOENIX AZ,1336.0,1209.0
2021-08-08,RALEIGH-DURHAM NC,433.0,394.0
2021-08-08,SAN ANGELO TX,437.0,402.0
2021-08-08,SHREVEPORT LA,884.0,785.0
2021-08-08,SPRINGFIELD MO,962.0,863.0
2021-08-08,ST JOSEPH MO,266.0,237.0
2021-08-08,TULSA OK,270.0,238.0
2021-08-08,TYLER-LONGVIEW TX,2017.0,1843.0
2021-08-08,VICTORIA TX,283.0,253.0
2021-08-08,WACO-TEMPLE-BRYAN TX,1736.0,1516.0
2021-08-15,ABILENE-SWEETWATER TX,645.0,571.0
2021-08-15,ALEXANDRIA LA,638.0,584.0
2021-08-15,AMARILLO TX,681.0,627.0
2021-08-15,AUSTIN TX,1323.0,1193.0
2021-08-15,All Other Suddenlink DMA Total,2591.0,2342.0
2021-08-15,BLUEFIELD-BECKLEY-OAK HILL WV,738.0,660.0
2021-08-15,CHARLESTON-HUNTINGTON WV,1328.0,1205.0
2021-08-15,DALLAS-FT WORTH TX,2706.0,2444.0
2021-08-15,EUREKA CA,410.0,378.0
2021-08-15,GREENVILLE-NEW BERN-WASH NC,1365.0,1219.0
2021-08-15,HOUSTON TX,1996.0,1772.0
2021-08-15,JONESBORO AR,381.0,344.0
2021-08-15,LAKE CHARLES LA,540.0,503.0
2021-08-15,LITTLE ROCK AR,1320.0,1196.0
2021-08-15,LUBBOCK TX,1103.0,994.0
2021-08-15,MONROE-EL DORADO LA-AR,409.0,372.0
2021-08-15,"NEW YORK, NY",22782.0,20548.0
2021-08-15,ODESSA-MIDLAND TX,624.0,566.0
2021-08-15,OKLAHOMA CITY OK,880.0,796.0
2021-08-15,PARKERSBURG WV,440.0,403.0
2021-08-15,PHOENIX AZ,1358.0,1206.0
2021-08-15,RALEIGH-DURHAM NC,460.0,415.0
2021-08-15,SAN ANGELO TX,397.0,361.0
2021-08-15,SHREVEPORT LA,852.0,781.0
2021-08-15,SPRINGFIELD MO,938.0,826.0
2021-08-15,ST JOSEPH MO,295.0,255.0
2021-08-15,TULSA OK,269.0,248.0
2021-08-15,TYLER-LONGVIEW TX,2091.0,1887.0
2021-08-15,VICTORIA TX,278.0,255.0
2021-08-15,WACO-TEMPLE-BRYAN TX,1456.0,1306.0
2021-08-22,ABILENE-SWEETWATER TX,587.0,538.0
2021-08-22,ALEXANDRIA LA,573.0,532.0
2021-08-22,AMARILLO TX,658.0,603.0
2021-08-22,AUSTIN TX,1360.0,1209.0
2021-08-22,All Other Suddenlink DMA Total,2483.0,2190.0
2021-08-22,BLUEFIELD-BECKLEY-OAK HILL WV,651.0,595.0
2021-08-22,CHARLESTON-HUNTINGTON WV,1312.0,1180.0
2021-08-22,DALLAS-FT WORTH TX,2839.0,2532.0
2021-08-22,EUREKA CA,357.0,332.0
2021-08-22,GREENVILLE-NEW BERN-WASH NC,1438.0,1284.0
2021-08-22,HOUSTON TX,1965.0,1773.0
2021-08-22,JONESBORO AR,326.0,297.0
2021-08-22,LAKE CHARLES LA,430.0,390.0
2021-08-22,LITTLE ROCK AR,1301.0,1180.0
2021-08-22,LUBBOCK TX,1053.0,947.0
2021-08-22,MONROE-EL DORADO LA-AR,399.0,365.0
2021-08-22,"NEW YORK, NY",23050.0,20816.0
2021-08-22,ODESSA-MIDLAND TX,610.0,549.0
2021-08-22,OKLAHOMA CITY OK,771.0,694.0
2021-08-22,PARKERSBURG WV,413.0,369.0
2021-08-22,PHOENIX AZ,1394.0,1223.0
2021-08-22,RALEIGH-DURHAM NC,443.0,409.0
2021-08-22,SAN ANGELO TX,420.0,377.0
2021-08-22,SHREVEPORT LA,801.0,731.0
2021-08-22,SPRINGFIELD MO,840.0,741.0
2021-08-22,ST JOSEPH MO,264.0,233.0
2021-08-22,TULSA OK,261.0,233.0
2021-08-22,TYLER-LONGVIEW TX,1998.0,1788.0
2021-08-22,VICTORIA TX,265.0,236.0
2021-08-22,WACO-TEMPLE-BRYAN TX,1212.0,1095.0
2021-08-29,ABILENE-SWEETWATER TX,589.0,535.0
2021-08-29,ALEXANDRIA LA,583.0,530.0
2021-08-29,AMARILLO TX,638.0,594.0
2021-08-29,AUSTIN TX,1268.0,1159.0
2021-08-29,All Other Suddenlink DMA Total,2583.0,2302.0
2021-08-29,BLUEFIELD-BECKLEY-OAK HILL WV,739.0,655.0
2021-08-29,CHARLESTON-HUNTINGTON WV,1367.0,1239.0
2021-08-29,DALLAS-FT WORTH TX,2818.0,2552.0
2021-08-29,EUREKA CA,355.0,322.0
2021-08-29,GREENVILLE-NEW BERN-WASH NC,1278.0,1133.0
2021-08-29,HOUSTON TX,2067.0,1843.0
2021-08-29,JONESBORO AR,325.0,301.0
2021-08-29,LAKE CHARLES LA,545.0,481.0
2021-08-29,LITTLE ROCK AR,1362.0,1231.0
2021-08-29,LUBBOCK TX,1069.0,983.0
2021-08-29,MONROE-EL DORADO LA-AR,427.0,387.0
2021-08-29,"NEW YORK, NY",23606.0,21362.0
2021-08-29,ODESSA-MIDLAND TX,555.0,505.0
2021-08-29,OKLAHOMA CITY OK,825.0,742.0
2021-08-29,PARKERSBURG WV,448.0,406.0
2021-08-29,PHOENIX AZ,1318.0,1190.0
2021-08-29,RALEIGH-DURHAM NC,422.0,386.0
2021-08-29,SAN ANGELO TX,412.0,380.0
2021-08-29,SHREVEPORT LA,792.0,709.0
2021-08-29,SPRINGFIELD MO,827.0,745.0
2021-08-29,ST JOSEPH MO,261.0,240.0
2021-08-29,TULSA OK,332.0,289.0
2021-08-29,TYLER-LONGVIEW TX,1967.0,1786.0
2021-08-29,VICTORIA TX,264.0,233.0
2021-08-29,WACO-TEMPLE-BRYAN TX,1158.0,1042.0
2021-09-05,ABILENE-SWEETWATER TX,543.0,502.0
2021-09-05,ALEXANDRIA LA,599.0,556.0
2021-09-05,AMARILLO TX,652.0,609.0
2021-09-05,AUSTIN TX,1221.0,1119.0
2021-09-05,All Other Suddenlink DMA Total,2432.0,2152.0
2021-09-05,BLUEFIELD-BECKLEY-OAK HILL WV,689.0,623.0
2021-09-05,CHARLESTON-HUNTINGTON WV,1231.0,1132.0
2021-09-05,DALLAS-FT WORTH TX,2474.0,2244.0
2021-09-05,EUREKA CA,305.0,278.0
2021-09-05,GREENVILLE-NEW BERN-WASH NC,1131.0,1010.0
2021-09-05,HOUSTON TX,1937.0,1765.0
2021-09-05,JONESBORO AR,312.0,289.0
2021-09-05,LAKE CHARLES LA,505.0,457.0
2021-09-05,LITTLE ROCK AR,1242.0,1117.0
2021-09-05,LUBBOCK TX,894.0,814.0
2021-09-05,MONROE-EL DORADO LA-AR,408.0,366.0
2021-09-05,"NEW YORK, NY",22314.0,20151.0
2021-09-05,ODESSA-MIDLAND TX,562.0,515.0
2021-09-05,OKLAHOMA CITY OK,705.0,644.0
2021-09-05,PARKERSBURG WV,407.0,366.0
2021-09-05,PHOENIX AZ,1274.0,1153.0
2021-09-05,RALEIGH-DURHAM NC,396.0,358.0
2021-09-05,SAN ANGELO TX,354.0,318.0
2021-09-05,SHREVEPORT LA,819.0,726.0
2021-09-05,SPRINGFIELD MO,819.0,730.0
2021-09-05,ST JOSEPH MO,236.0,220.0
2021-09-05,TULSA OK,274.0,243.0
2021-09-05,TYLER-LONGVIEW TX,1753.0,1590.0
2021-09-05,VICTORIA TX,248.0,219.0
2021-09-05,WACO-TEMPLE-BRYAN TX,889.0,794.0
2021-09-12,ABILENE-SWEETWATER TX,573.0,505.0
2021-09-12,ALEXANDRIA LA,690.0,632.0
2021-09-12,AMARILLO TX,807.0,715.0
2021-09-12,AUSTIN TX,1369.0,1215.0
2021-09-12,All Other Suddenlink DMA Total,2734.0,2407.0
2021-09-12,BLUEFIELD-BECKLEY-OAK HILL WV,792.0,717.0
2021-09-12,CHARLESTON-HUNTINGTON WV,1523.0,1353.0
2021-09-12,DALLAS-FT WORTH TX,2703.0,2433.0
2021-09-12,EUREKA CA,354.0,319.0
2021-09-12,GREENVILLE-NEW BERN-WASH NC,1278.0,1162.0
2021-09-12,HOUSTON TX,2179.0,1927.0
2021-09-12,JONESBORO AR,368.0,337.0
2021-09-12,LAKE CHARLES LA,495.0,455.0
2021-09-12,LITTLE ROCK AR,1310.0,1189.0
2021-09-12,LUBBOCK TX,996.0,911.0
2021-09-12,MONROE-EL DORADO LA-AR,417.0,377.0
2021-09-12,"NEW YORK, NY",26710.0,23948.0
2021-09-12,ODESSA-MIDLAND TX,633.0,569.0
2021-09-12,OKLAHOMA CITY OK,829.0,739.0
2021-09-12,PARKERSBURG WV,414.0,376.0
2021-09-12,PHOENIX AZ,1348.0,1203.0
2021-09-12,RALEIGH-DURHAM NC,448.0,406.0
2021-09-12,SAN ANGELO TX,381.0,340.0
2021-09-12,SHREVEPORT LA,897.0,810.0
2021-09-12,SPRINGFIELD MO,915.0,795.0
2021-09-12,ST JOSEPH MO,226.0,216.0
2021-09-12,TULSA OK,301.0,270.0
2021-09-12,TYLER-LONGVIEW TX,1941.0,1743.0
2021-09-12,VICTORIA TX,283.0,261.0
2021-09-12,WACO-TEMPLE-BRYAN TX,861.0,788.0
2021-09-19,ABILENE-SWEETWATER TX,616.0,550.0
2021-09-19,ALEXANDRIA LA,647.0,592.0
2021-09-19,AMARILLO TX,772.0,688.0
2021-09-19,AUSTIN TX,1362.0,1235.0
2021-09-19,All Other Suddenlink DMA Total,2589.0,2308.0
2021-09-19,BLUEFIELD-BECKLEY-OAK HILL WV,768.0,682.0
2021-09-19,CHARLESTON-HUNTINGTON WV,1415.0,1292.0
2021-09-19,DALLAS-FT WORTH TX,2706.0,2421.0
2021-09-19,EUREKA CA,349.0,321.0
2021-09-19,GREENVILLE-NEW BERN-WASH NC,1267.0,1158.0
2021-09-19,HOUSTON TX,2061.0,1855.0
2021-09-19,JONESBORO AR,351.0,326.0
2021-09-19,LAKE CHARLES LA,528.0,478.0
2021-09-19,LITTLE ROCK AR,1317.0,1182.0
2021-09-19,LUBBOCK TX,939.0,847.0
2021-09-19,MONROE-EL DORADO LA-AR,391.0,349.0
2021-09-19,"NEW YORK, NY",25935.0,23181.0
2021-09-19,ODESSA-MIDLAND TX,652.0,581.0
2021-09-19,OKLAHOMA CITY OK,765.0,693.0
2021-09-19,PARKERSBURG WV,444.0,401.0
2021-09-19,PHOENIX AZ,1316.0,1196.0
2021-09-19,RALEIGH-DURHAM NC,410.0,363.0
2021-09-19,SAN ANGELO TX,386.0,356.0
2021-09-19,SHREVEPORT LA,917.0,821.0
2021-09-19,SPRINGFIELD MO,868.0,782.0
2021-09-19,ST JOSEPH MO,249.0,223.0
2021-09-19,TULSA OK,287.0,264.0
2021-09-19,TYLER-LONGVIEW TX,1961.0,1784.0
2021-09-19,VICTORIA TX,251.0,227.0
2021-09-19,WACO-TEMPLE-BRYAN TX,798.0,721.0
2021-09-26,ABILENE-SWEETWATER TX,414.0,365.0
2021-09-26,ALEXANDRIA LA,388.0,350.0
2021-09-26,AMARILLO TX,488.0,437.0
2021-09-26,AUSTIN TX,871.0,773.0
2021-09-26,All Other Suddenlink DMA Total,1628.0,1444.0
2021-09-26,BLUEFIELD-BECKLEY-OAK HILL WV,460.0,412.0
2021-09-26,CHARLESTON-HUNTINGTON WV,861.0,756.0
2021-09-26,DALLAS-FT WORTH TX,1678.0,1501.0
2021-09-26,EUREKA CA,231.0,207.0
2021-09-26,GREENVILLE-NEW BERN-WASH NC,736.0,674.0
2021-09-26,HOUSTON TX,1186.0,1080.0
2021-09-26,JONESBORO AR,221.0,197.0
2021-09-26,LAKE CHARLES LA,357.0,330.0
2021-09-26,LITTLE ROCK AR,809.0,719.0
2021-09-26,LUBBOCK TX,609.0,555.0
2021-09-26,MONROE-EL DORADO LA-AR,215.0,200.0
2021-09-26,"NEW YORK, NY",15694.0,14056.0
2021-09-26,ODESSA-MIDLAND TX,375.0,345.0
2021-09-26,OKLAHOMA CITY OK,464.0,423.0
2021-09-26,PARKERSBURG WV,310.0,271.0
2021-09-26,PHOENIX AZ,840.0,754.0
2021-09-26,RALEIGH-DURHAM NC,249.0,227.0
2021-09-26,SAN ANGELO TX,247.0,228.0
2021-09-26,SHREVEPORT LA,463.0,430.0
2021-09-26,SPRINGFIELD MO,559.0,493.0
2021-09-26,ST JOSEPH MO,163.0,154.0
2021-09-26,TULSA OK,174.0,157.0
2021-09-26,TYLER-LONGVIEW TX,1073.0,963.0
2021-09-26,VICTORIA TX,130.0,121.0
2021-09-26,WACO-TEMPLE-BRYAN TX,438.0,400.0
